"","Albany NY","American Univ","Arizona","Arizona St","Baylor","BYU","Cal Poly SLO","Cincinnati","Coastal Car","Colorado","Connecticut","Creighton","Dayton","Delaware","Duke","E Kentucky","Florida","Gonzaga","G Washington","Harvard","Iowa","Iowa St","Kansas","Kansas St","Kentucky","Louisville","Manhattan","Massachusetts","Memphis","Mercer","Michigan","Michigan St","Mt St Mary's","NC Central","NC State","N Dakota St","Nebraska","New Mexico","New Mexico St","North Carolina","Ohio St","Oklahoma","Oklahoma St","Oregon","Pittsburgh","Providence","San Diego St","SF Austin","Stanford","St Joseph's PA","St Louis","Syracuse","Tennessee","Texas","Tulsa","TX Southern","UCLA","ULL","VA Commonwealth","Villanova","Virginia","Weber St","Wichita St","WI Milwaukee","Wisconsin","W Michigan","Wofford","Xavier"
"Albany NY",NA,0.548690964311263,0.95655723811198,0.938577077382741,0.937119205448729,0.966407677171062,0.449044122609326,0.946675448404439,0.537116469033018,0.922003265051819,0.941996230720774,0.913959347648267,0.917827414277721,0.926507096908534,0.945723525240486,0.710855069458626,0.934505987353895,0.920626258720707,0.948062378230934,0.940387056404458,0.954738608122228,0.989299490203598,0.925786067671758,0.924330860730429,0.925611354849442,0.964013416615864,0.974449827651577,0.969622627382938,0.956362374311924,0.921724757017438,0.926713097160083,0.936930951066694,0.484700395226656,0.881405370305715,0.939822837877525,0.922570664675295,0.942746780049035,0.934533145743333,0.926443137768603,0.964449769663923,0.943081017723989,0.973200714183962,0.954921788936029,0.944743866779143,0.926316444565422,0.936203695309225,0.961519000426055,0.926050919539573,0.921472245530414,0.917456889211659,0.948356203644373,0.93950377413798,0.93566197865345,0.926393593697097,0.913862364596868,0.467890953728829,0.934187106642457,0.786334960251586,0.986812241583413,0.959389525627619,0.922245652970592,0.464656418800777,0.955436601892795,0.530185161101998,0.956594212825588,0.813404058505574,0.534431283605385,0.917234543540378
"American Univ",0.451309035688738,NA,0.958821721593042,0.979434535040181,0.928182836624731,0.962855754341037,0.424862288990299,0.944736484685781,0.47775582776925,0.912993302265449,0.976465863076648,0.971736626380964,0.92705672338562,0.679406633456842,1,0.433102179150543,0.954687515027497,0.954544328301992,0.938006126679634,0.973026215742898,0.967463191700698,0.97836527911755,0.936749856132244,0.949448128607274,0.945491453850303,0.96998393391809,0.666393802799247,0.926536910141112,0.974910959709937,0.623405354667354,0.978609275394282,0.944588056289907,0.368888977275072,0.618867250832712,0.786611142425541,0.905753682909935,0.959943116512941,0.936190282332146,0.608402099875911,0.96392571045612,0.990200659540234,0.974553021118296,0.993681869585052,0.986267529265229,0.95088443902438,0.892727298213857,0.978959690923824,0.641983847532295,0.968161234370285,0.88438373198917,0.97253554569198,0.975463511566829,0.952843277712845,0.922794554822418,0.641358076827626,0.27552023474643,0.974743973393301,0.57307848993601,0.979370029559626,0.959260153537756,0.966499904706603,0.566806805341812,0.962997633183843,0.58435577621034,0.98489881313185,0.5204574463871,0.535276098499967,0.909930181634736
"Arizona",0.0434427618880198,0.041178278406958,NA,0.0903578812212767,0.0950711125689895,0.151056887779852,0.0802558782694575,0.203568834470854,0.0736104372708047,0.0403868910468268,0.133211237154955,0.306585887311164,0.0952662457702813,0.0954878589421011,0.29109919307871,0.135121296883146,0.527376921082982,0.118757025085299,0.108681751868405,0.0948142852767405,0.195113647781195,0.16391267053564,0.285792121184327,0.0903785147279921,0.109870529260669,0.452348530320011,0.0776886972273781,0.0977050278861801,0.0762164655560104,0.106834405860955,0.315644872358831,0.191837557721677,0.101560024496797,0.136691364382439,0.0822813903609637,0.112294026357074,0.0962809691914368,0.110720652248876,0.0669508871204766,0.180142442012162,0.159906393071867,0.156369498058075,0.147976387100727,0.11334139815845,0.111137881824508,0.0930679465407034,0.19056070034523,0.12427802782215,0.0889478222938004,0.0553275999852868,0.105880419840398,0.268771557967386,0.179495767337992,0.140422229740862,0.0963848327478154,0.0367778584835016,0.107166003543882,0.0733956105224104,0.234472263278417,0.553503445571769,0.245203258579874,0.0513776246643769,0.350487826726422,0.0286898985259947,0.236705862543453,0.0312706794553247,0.0750049248707324,0.0732345817902953
"Arizona St",0.0614229226172592,0.0205654649598191,0.909642118778723,NA,0.828505907557784,0.463054542834308,0.126544957008772,0.711026649111872,0.181946216738487,0.73480591452886,0.589514340865543,0.90802267740186,0.666112061817848,0.212563501497914,0.777743288389177,0.327589560508136,1,0.645076051319058,0.497943215898155,0.692046601241275,0.66644842926514,0.548106768198878,1,0.442671755856144,0.811312467380243,0.773230683573266,0.260997548884948,0.473713506158896,0.559459122170416,0.288499733359058,0.867996415016998,0.593626589448197,0.118767722366774,0.320918131241548,0.367016846028948,0.545590525240676,0.517724773015985,0.608889112326633,0.399884938412583,0.592120502844667,0.584417809885026,0.537399876336646,0.631570393681416,0.560390540777913,0.813886154345209,0.474690883167297,0.618523943134849,0.562265920493792,0.481896175896577,0.503755892941172,0.467428920653199,0.753193293354001,0.760037361529891,0.539512612042769,0.274197716795971,0.129961255560515,0.622679244284576,0.207242736664022,0.599196359576671,0.91994179598985,0.896821520134634,0.302930562742525,0.889528754613011,0.132614634618546,0.885977046318831,0.204608047408964,0.286998114329503,0.630652178736713
"Baylor",0.0628807945512708,0.0718171633752689,0.904928887431011,0.171494092442216,NA,0.455031022721519,0.145150182041077,0.571300821715826,0.140125285415685,0.488021612458775,0.511519426709168,0.726606061726297,0.46018541232601,0.217982826162709,0.740230069633538,0.19601854051408,0.908775003257694,0.552024032748277,0.499238234536363,0.428937723958547,0.619249280278847,0.497848704519928,0.8416689607179,0.409731363149786,0.528971458331741,0.780291799006891,0.307310998596404,0.459910179119558,0.518296114999636,0.25266913093216,0.707357355691179,0.590803512702556,0.156961593187048,0.220154157876578,0.306654285912779,0.356472922355234,0.421937663327917,0.474963704146722,0.275171437272208,0.606979900619787,0.583632511692403,0.534139600884703,0.524634123073944,0.559732557841789,0.553517237635593,0.404535747338951,0.565148995409306,0.330020158222015,0.441930462154213,0.437828154350794,0.463532921135363,0.614583633207979,0.499246121492451,0.522558388912668,0.240497023267845,0.125514876764293,0.512791708636606,0.211426051023916,0.559270052100772,0.935873641318904,0.60769038496653,0.109601196100297,0.721800537587647,0.104122760552689,0.843925168015458,0.172217484534155,0.151519976826783,0.406670945727627
"BYU",0.0335923228289379,0.0371442456589631,0.848943112220148,0.536945457165692,0.544968977278481,NA,0.143720251139382,0.610367931074931,0.0866666130600727,0.470681512609088,0.574539218442951,0.832488365622428,0.495591288467741,0.286242940204703,0.819371120476612,0.232721222379453,0.911139254079676,0.576918041059395,0.516125185331013,0.568617402121989,0.640843139231661,0.681475920987582,0.867720724392999,0.483844650723021,0.492676343696983,0.771363054886912,0.336021308536945,0.434457344015548,0.530939686794155,0.301399837605954,0.824508821716279,0.705567614856925,0.127767880803527,0.28658962917251,0.506307204860815,0.687491874315931,0.560704016231042,0.529937913138511,0.343922124164459,0.543856758894936,0.709406917440401,0.554094453269325,0.705398189489461,0.592098547615937,0.673421380255634,0.461834379018388,0.563082680090454,0.727672885483631,0.572179936218939,0.473905752951502,0.492790258756687,0.707734832092079,0.571536860521145,0.477362073977674,0.322991980582465,0.0885578341951725,0.596138141149386,0.209938690980709,0.594779902247766,0.902285014800387,0.880990558872477,0.125800303337645,0.849865110389523,0.144992859285628,0.907919536977043,0.167820159404975,0.168418038469438,0.516713453172343
"Cal Poly SLO",0.550955877390674,0.575137711009701,0.919744121730543,0.873455042991228,0.854849817958923,0.856279748860618,NA,0.935790612229999,0.466560369785235,0.868478224861516,0.941357725318775,0.91926715204904,0.862275898822376,0.955164993928748,0.921297443446632,0.846168664605562,0.937447903586266,0.926283713202607,0.892887326644575,0.916236789939358,0.933076735258676,0.948007252689832,0.843610176300399,0.870758614143558,0.8368603070812,0.960017739998591,0.903586296161295,0.898786791566261,0.903742789831092,0.852044149625751,0.910956952702353,0.92891650578514,0.491258894675546,0.924385082214486,0.935096553058511,0.917160664183154,0.918822935341731,0.902901487039612,0.841861396168601,0.864891355479192,0.922968747823708,0.931664381183432,0.957845953491868,0.902278904561562,0.933647704942613,0.860622195756812,0.930314256104236,0.939238245174869,0.925799559168821,0.803242651057403,0.871211815993746,0.945856175577641,0.951221402869777,0.848213068697889,0.95160206602111,0.453315632364777,0.946585008576556,0.862074490494501,0.915509548738593,0.884447753448543,0.93452334652061,0.459862567441568,0.946205168249225,0.630251406616365,0.904544706948688,0.74474433033951,0.548154690329792,0.82653916306114
"Cincinnati",0.053324551595561,0.0552635153142186,0.796431165529146,0.288973350888128,0.428699178284174,0.389632068925069,0.0642093877700014,NA,0.0624670676539428,0.353167773504019,0.352660655409559,0.584105659548663,0.307457317804441,0.135596753810544,0.569617401826334,0.141377306088621,0.783476994273907,0.310409470261281,0.361519247104098,0.370888158948984,0.440717940073271,0.444248070620633,0.61695666321733,0.388393500465139,0.361252390513072,0.771071990202742,0.15438688897266,0.413465549240429,0.372823999656252,0.157031163822705,0.551869736122061,0.509555266852024,0.0961861743858567,0.144372798926085,0.227166170159762,0.21801254796754,0.348637913834639,0.351949086935855,0.132276535288983,0.434019160645157,0.489090946568039,0.43055004873132,0.360785528402625,0.371463298421408,0.336524405656979,0.320782837926439,0.472828616381522,0.202969435262411,0.371829492745491,0.214517573140964,0.437015027693246,0.471862145326673,0.404341802806029,0.38323824898926,0.16575727068865,0.0752498127581208,0.416566277620537,0.0753486531988888,0.482302763620872,0.675583723112018,0.591439000797655,0.0671903268842723,0.533467500508666,0.0685214304162277,0.529765598260657,0.0189473555894303,0.0991731169488332,0.346309587507889
"Coastal Car",0.462883530966982,0.52224417223075,0.926389562729195,0.818053783261513,0.859874714584315,0.913333386939927,0.533439630214765,0.937532932346057,NA,0.906434075442858,0.927402870280143,0.935934328408542,0.908983368231115,0.911674846763977,0.960828804777556,0.682530373851602,0.923018063248516,0.903968788212351,0.911332166143481,0.941525701915822,0.926945509408492,0.942305631080694,0.906989711231687,0.910333862362055,0.908865660837778,0.935270802420795,0.939342507366599,0.918670680771698,0.932807236249549,0.896064080548017,0.986651057665499,0.908327925797686,0.519447081454565,0.794403439648012,0.93956983977506,1,0.944866284088822,0.905805145372309,0.890763035547049,0.924760666340372,0.948358332471133,0.941059874337403,0.9126693470072,0.935131563855458,0.925429987354467,0.900753957562609,0.95013846297828,0.975829020521622,0.908043275564632,0.897538971565722,0.926979611514737,0.950654423525622,0.914743533326696,0.914395283436478,0.894592747020929,0.373034889649962,0.929964874099331,0.732250107478275,0.936290930446689,0.922301465760733,0.969141095329485,0.551835975503266,0.933621773978991,0.534152873079054,0.985547762597074,0.871956744604547,0.662151064775135,0.900402095617358
"Colorado",0.0779967349481807,0.0870066977345512,0.959613108953173,0.26519408547114,0.511978387541225,0.529318487390912,0.131521775138484,0.646832226495981,0.0935659245571415,NA,0.645148913212762,0.769286569986754,0.493270667052846,0.339162475873744,0.745425278338258,0.227662280729396,0.924506789532896,0.636873027612453,0.59240425606663,0.588090028276273,0.695030264414615,0.637393155800823,0.880000330486917,0.572475232366118,0.642165656346997,0.792675371998597,0.42575075787228,0.519822479249052,0.656671345775656,0.340783403250085,0.839495322993343,0.722265780724475,0.154314150468474,0.294757902890324,0.372347089331533,0.381074996822739,0.556327395873088,0.599712471842742,0.408102014331622,0.638766533857039,0.694854001760786,0.602329512157331,0.751931481149897,0.596840764657496,0.623111298716652,0.491719194216341,0.657390272220882,0.448217718951494,0.579595136484724,0.442104792750398,0.620854784339952,0.7854324891229,0.522060511711628,0.603257013294459,0.362372659166096,0.134410953862952,0.639352136414876,0.251426391326478,0.605332278100864,0.932610834464685,0.740002715873156,0.138843647088552,0.896720889764038,0.126643246040207,0.885807843006187,0.210060242099184,0.172973782892741,0.555272845183733
"Connecticut",0.0580037692792259,0.0235341369233518,0.866788762845045,0.410485659134457,0.488480573290832,0.425460781557049,0.0586422746812254,0.647339344590441,0.0725971297198569,0.354851086787238,NA,0.65014057878903,0.398707384213077,0.217107661240876,0.677316271725313,0.205733868199871,0.891302231999234,0.466501970972104,0.44057886583797,0.365158883178348,0.548985457963229,0.466243218310482,0.78194967461959,0.381074243611011,0.48879875364125,0.798538102977025,0.237617056529435,0.425344365732571,0.437369894217711,0.218901921322788,0.573755191407524,0.577400857064911,0.120459469287427,0.216565522118357,0.294511143408866,0.453260290816408,0.380977536756786,0.474764321045538,0.255591268883277,0.594874332570978,0.566472824635376,0.463899525838518,0.504890109352295,0.489354897479798,0.477278481811853,0.377369024491887,0.51338505234053,0.383228795821958,0.398868729595215,0.368072607105919,0.425311729502917,0.529110302993162,0.509283468900652,0.490592314458123,0.207990832689632,0.0896059979038658,0.493772915808218,0.191698001790822,0.564677192712449,0.886864581026106,0.629328689556246,0.0880268830560521,0.698094138136942,0.117510900152856,0.643212798626303,0.108980993453978,0.120826191801262,0.350898074199468
"Creighton",0.0860406523517331,0.0282633736190362,0.693414112688836,0.0919773225981403,0.273393938273703,0.167511634377572,0.0807328479509603,0.415894340451337,0.0640656715914577,0.230713430013246,0.34985942121097,NA,0.176801399530316,0.175267117360497,0.560109255102359,0.131880759256947,0.580907124057233,0.251160440488579,0.168383146118973,0.204615365898248,0.399560185488015,0.52282317873208,0.404754799245763,0.18139735534987,0.340239327705049,0.580252841904029,0.174978659562525,0.191497023648683,0.206437641683119,0.149560881990577,0.494930039133926,0.395742865920803,0.0967956551235714,0.14671195159339,0.12832594809919,0.160106143155463,0.204677998037643,0.251668540484482,0.104838357703056,0.318179507655402,0.40146355184279,0.37968428292026,0.43294635100202,0.318440485205673,0.294946165340152,0.180869099134153,0.400905835703566,0.159942543352933,0.185976299546117,0.161172818407575,0.251553091811258,0.505562418906952,0.296997104314635,0.20119389576472,0.178718457159901,0.0773755953667754,0.397128185409833,0.138315041017978,0.354824872124743,0.546171365508571,0.505422495538111,0.0645817355817683,0.551405822542438,0.0574501248763833,0.432463633051693,0.0935136014788845,0.115468280112442,0.159935399254727
"Dayton",0.0821725857222788,0.0729432766143797,0.904733754229719,0.333887938182152,0.53981458767399,0.504408711532259,0.137724101177624,0.692542682195559,0.0910166317688851,0.506729332947154,0.601292615786923,0.823198600469684,NA,0.36126584867065,0.899727942726307,0.243259549575369,0.911069944004545,0.649771818945284,0.562150187294635,0.637318985550973,0.764890894608633,0.820727871533345,0.897298540886447,0.581934575664164,0.719538549607709,0.841307347038022,0.408735482568839,0.484090949373822,0.638464641157971,0.462448911274855,0.835744506186674,0.777889228875671,0.119312960020544,0.339447262580425,0.46332346747798,0.381583094571777,0.566569382005741,0.597826130632335,0.395230086674939,0.619029652576031,0.747774360464068,0.606097529321101,0.776651394595111,0.581862192559759,0.626948033803044,0.503890467637883,0.662236555245241,0.478589144951755,0.615531936638578,0.48006062715228,0.602149547136616,0.805721053471949,0.589691559083227,0.57093366322822,0.451256514275847,0.135691521460754,0.733638619642554,0.314374169119116,0.614548047246064,0.926257123563228,0.76307314435165,0.107164877202114,0.895428726495048,0.16433286109736,0.920156515468902,0.267429083600833,0.150570587579382,0.604807756177635
"Delaware",0.0734929030914658,0.320593366543158,0.904512141057899,0.787436498502086,0.782017173837291,0.713757059795297,0.044835006071252,0.864403246189456,0.0883251532360229,0.660837524126256,0.782892338759124,0.824732882639503,0.63873415132935,NA,0.957546126502523,0.656367760648631,1,0.885534872955885,0.643743145812678,0.870216339177608,0.795694048854786,0.915181654335521,0.983476663442059,0.542208442426121,0.928134828256787,0.875587915144791,0.590236350063395,0.796357383331694,0.738442130140012,0.599996159873879,1,0.927964674369166,0.189660680174517,0.736742364607185,0.594225906510109,0.762091803812467,0.5534015072427,0.944581006366079,0.544057664094668,0.914167150485727,0.833374007603668,0.902717507854011,0.724879384339593,0.83644576316727,0.93567838654687,0.598488043482048,0.96431440437726,0.748053184431412,0.76256637213902,0.560916950745848,0.83083156316586,1,0.909563641962389,0.698298776475429,0.537307013319516,0.0927148498614299,0.792958452901615,0.343501383009062,0.8285189123105,0.946442063704541,1,0.399841293382818,1,0.286920210405417,1,0.490824654058148,0.492425803980281,0.749494308915192
"Duke",0.0542764747595144,0,0.70890080692129,0.222256711610823,0.259769930366462,0.180628879523388,0.0787025565533684,0.430382598173666,0.0391711952224436,0.254574721661742,0.322683728274687,0.439890744897641,0.100272057273693,0.0424538734974768,NA,0.129051106687458,0.503035230541596,0.241163043282083,0.17142640249686,0.160833946697361,0.437798957664347,0.571526812004429,0.269431875753382,0.167063066414408,0.348133078674537,0.629084310596567,0.142001225279137,0.240669061410781,0.197285509893746,0.13915826835809,0.489110868680776,0.457628044246016,0.103664571680754,0.113429207646346,0.117553144652862,0.137562010292636,0.191761698792474,0.203654767116773,0.0392897741793871,0.365255771160512,0.438522308738669,0.409506460946551,0.408514371226785,0.388711853298209,0.324930124225365,0.158630654554701,0.378192326818147,0.161387786467465,0.169384235031474,0.0779900350902156,0.252562950095981,0.44395539516454,0.32072738559194,0.163928621547816,0.122518269356963,0.0378424855371687,0.439805878044191,0.123210736020264,0.382459438863396,0.511644449172501,0.494712396002291,0.0149074726584505,0.549056061823527,0.0519967998564679,0.430943029371889,0.0510178120724506,0.0968241519747468,0.0868452110751313
"E Kentucky",0.289144930541374,0.566897820849457,0.864878703116854,0.672410439491864,0.80398145948592,0.767278777620547,0.153831335394438,0.858622693911379,0.317469626148398,0.772337719270604,0.794266131800129,0.868119240743053,0.756740450424631,0.343632239351369,0.870948893312542,NA,0.900265715296738,0.895536124593471,0.890600994456146,0.794167678465352,0.77408512905379,0.89204235299315,0.885915998899915,0.745302865851368,0.891571531627853,0.946621683568973,0.515643028821466,0.833416184250331,0.827613674066029,0.60456984361885,0.866284395085825,0.896764174186061,0.286471744861463,0.671020938156194,0.503398914738481,0.654542865034749,0.73556861179218,0.895356618284001,0.625209771306611,0.898816918277914,0.912043515106168,0.891127516854436,0.797964211730668,0.879841931428589,0.762730989591577,0.758569949710346,0.945194576526398,0.643597293869127,0.770375458439255,0.748453429867477,0.877865396912239,0.940371490837394,0.718751277744255,0.886267018988604,0.600732259217308,0.213249268714508,0.935912039645032,0.472430531365133,0.945513079533645,0.902417344908524,0.895338245902554,0.416229231952689,0.889847657067678,0.400447471522466,0.868870538301259,0.439454834088955,0.394906012528524,0.763879471479157
"Florida",0.0654940126461048,0.0453124849725034,0.472623078917019,0,0.0912249967423063,0.0888607459203243,0.0625520964137344,0.216523005726093,0.0769819367514842,0.0754932104671037,0.108697768000766,0.419092875942767,0.0889300559954551,0,0.496964769458404,0.0997342847032618,NA,0.16389787002274,0.144022712673417,0.125780575986441,0.253916830927663,0.268492066676692,0.316632070282961,0.117236535905933,0.185289614745887,0.520759423036286,0.0883691872716468,0.173258689980315,0.152697616736054,0.124854816208518,0.250567063831501,0.262912432645317,0.0822304866896356,0.1214112645603,0.12088749484288,0.0839582406004773,0.093893092937561,0.152212664645096,0.0790490149516709,0.255286936668483,0.218985815793206,0.206312102000065,0.16932283218814,0.15032245669861,0.140523141417012,0.0882616178066075,0.201573242050567,0.129996937619368,0.104431720702464,0.0769647265557987,0.163792127461802,0.274560943783141,0.20441307832974,0.135016626471849,0.123301134102187,0.0680134417686477,0.161661352454234,0.128770312585612,0.258262990195199,0.438185201822788,0.280507825301616,0.0632454884210781,0.362417386904182,0.0742722193592581,0.31711334096304,0.0249001475617011,0.0901752348257147,0.077349972192268
"Gonzaga",0.0793737412792928,0.0454556716980081,0.881242974914701,0.354923948680942,0.447975967251723,0.423081958940605,0.0737162867973934,0.689590529738719,0.096031211787649,0.363126972387547,0.533498029027896,0.748839559511421,0.350228181054716,0.114465127044115,0.758836956717917,0.104463875406529,0.83610212997726,NA,0.412344259690893,0.431904428690501,0.50637446762889,0.468981170651368,0.771465185256992,0.488167513931704,0.478247447812167,0.805183937348262,0.22321516122448,0.555918963440903,0.524604743371628,0.21005472888494,0.54714429912364,0.571630912607125,0.11017539398103,0.209614362652852,0.295189992553181,0.289919692353983,0.479432660989685,0.495791577453507,0.26681994693166,0.603413957889821,0.632320831995306,0.481631325568228,0.537321465120898,0.504061502884273,0.484510124621042,0.456231728426653,0.474045646733555,0.313764322240752,0.493660726811335,0.386976304084291,0.45779223283295,0.591594559372102,0.514497247924872,0.578624711534228,0.216880827578939,0.124154964593809,0.526148817170795,0.152189241891291,0.650281696934945,0.883203284835066,0.528086269958948,0.0837830085311037,0.641609128201607,0.124172828960202,0.540519962345788,0.114014904267555,0.124869642730804,0.46234590534149
"G Washington",0.0519376217690659,0.0619938733203661,0.891318248131595,0.502056784101845,0.500761765463637,0.483874814668987,0.107112673355425,0.638480752895902,0.0886678338565186,0.407595743933369,0.55942113416203,0.831616853881027,0.437849812705365,0.356256854187322,0.82857359750314,0.109399005543854,0.855977287326583,0.587655740309107,NA,0.531705362357263,0.62209468989025,0.582393420090274,0.834836794042561,0.425801805463449,0.565891702597848,0.765345164789604,0.410212325138987,0.432162177090091,0.550326367531983,0.338604825497001,0.753624408738192,0.695722030881631,0.105345033046804,0.276741374575805,0.414197970813842,0.345819674225517,0.502829399107602,0.576354037496165,0.411471236362694,0.616235639239966,0.720974412218125,0.571429706833142,0.640326631793864,0.576358544964484,0.579775770315938,0.432496975549164,0.629307979751349,0.447667408092923,0.514297486549968,0.369801759071841,0.552630139963955,0.758000456147389,0.550060236377667,0.546142332718732,0.341370723766437,0.114828365591969,0.637399664405259,0.203333164638747,0.650865952622155,0.912176869618361,0.703706040081755,0.0824413551532084,0.866430324529606,0.128167101427719,0.816229997855336,0.202898780797241,0.120703961629608,0.467174435449938
"Harvard",0.0596129435955416,0.0269737842571021,0.905185714723259,0.307953398758725,0.571062276041453,0.431382597878011,0.0837632100606425,0.629111841051016,0.0584742980841776,0.411909971723727,0.634841116821652,0.795384634101752,0.362681014449027,0.129783660822392,0.839166053302639,0.205832321534648,0.874219424013559,0.568095571309499,0.468294637642738,NA,0.588255211085141,0.707801477508781,0.864178562928803,0.431222817849767,0.512284114976044,0.771729358761557,0.47216238562581,0.464017661832005,0.566970351686099,0.33829431559361,0.873283835299032,0.709602457987392,0.128212424230489,0.263431707303685,0.528073302379007,0.455417222514124,0.564728334999825,0.543176697323396,0.408356082400224,0.578168726932954,0.615210609512131,0.574115071393073,0.631460081852876,0.552077129304463,0.5586425806255,0.460416445276203,0.627687160441604,0.551864677226651,0.479063369309923,0.428898132001146,0.489685885454095,0.803625086062083,0.56196558029837,0.396100323786141,0.347244409746766,0.133402290098733,0.542266243041172,0.279622175421601,0.691713435265992,0.933954374036405,0.773315574296215,0.088815897261838,0.854602109076549,0.145820912293366,0.868376453116589,0.117394159887175,0.143636529107353,0.414130352448878
"Iowa",0.0452613918777722,0.032536808299302,0.804886352218805,0.33355157073486,0.380750719721153,0.359156860768339,0.066923264741324,0.559282059926729,0.0730544905915076,0.304969735585385,0.451014542036771,0.600439814511985,0.235109105391367,0.204305951145214,0.562201042335653,0.22591487094621,0.746083169072337,0.49362553237111,0.37790531010975,0.411744788914859,NA,0.520165700786908,0.652431620863586,0.409922052723504,0.395340082737808,0.756126908942138,0.159521609835079,0.480236705853115,0.541202751666293,0.166562792456669,0.738923416982934,0.476834093971479,0.125795922325638,0.203573845562786,0.257865921800321,0.304699645330961,0.385397739522553,0.452516250479344,0.15289495300521,0.467464583859923,0.49364069349864,0.42821065518525,0.468025907623982,0.468653184217228,0.467946506533622,0.330957292781175,0.486903846908922,0.371684436025662,0.520279217850041,0.262839472320189,0.498819601097666,0.647339859937908,0.498943484302719,0.468564546048948,0.184856414641027,0.0825529405561327,0.441887484559772,0.168572188732516,0.510682102020506,0.799326965663938,0.611455185417075,0.105535606576403,0.642562957587081,0.134748851249942,0.701270439021093,0.0966210528108715,0.150850038767983,0.479589048976622
"Iowa St",0.0107005097964016,0.0216347208824498,0.83608732946436,0.451893231801122,0.502151295480072,0.318524079012418,0.0519927473101676,0.555751929379367,0.0576943689193063,0.362606844199177,0.533756781689518,0.47717682126792,0.179272128466655,0.0848183456644793,0.428473187995571,0.10795764700685,0.731507933323308,0.531018829348632,0.417606579909726,0.292198522491219,0.479834299213092,NA,0.671580172874469,0.253239761391934,0.4954508146606,0.713622937746274,0.126917875074453,0.353266696593526,0.269291987921231,0.150477527094117,0.788943133948002,0.527803751345286,0.109696374901475,0.221960534764287,0.17782042557812,0.410489702427061,0.279722119738721,0.384353227798518,0.132646166993268,0.473600831816974,0.475931166152132,0.500389064693056,0.4726269758305,0.455194593782695,0.609470986253656,0.252141085963132,0.527010551164653,0.377420148627533,0.386576614810111,0.195057247710281,0.437327670417139,0.658602735270005,0.6603304388533,0.405492983960349,0.137366663097369,0.0317451350879242,0.404218398322772,0.0680793881846465,0.503607916564844,0.569283053318431,0.739945183807152,0.254777970212518,0.727493116782215,0.0542818744773272,0.621802275214072,0.0800617006677885,0.194440818653082,0.423428798977462
"Kansas",0.0742139323282421,0.0632501438677555,0.714207878815673,0,0.1583310392821,0.132279275607001,0.156389823699601,0.38304333678267,0.0930102887683129,0.119999669513083,0.21805032538041,0.595245200754237,0.102701459113553,0.0165233365579412,0.730568124246618,0.114084001100085,0.683367929717039,0.228534814743008,0.165163205957439,0.135821437071197,0.347568379136414,0.328419827125531,NA,0.172289602987584,0.318062155075451,0.538125127990296,0.182340658791417,0.210951909845131,0.228965157196503,0.139107800297547,0.53281261949772,0.40454716131779,0.131084945768427,0.134034058873406,0.120228692341109,0.162466564665567,0.165656875474523,0.202751830796671,0.119370392029825,0.296922919472689,0.383843161461712,0.305092437877095,0.376648006817297,0.282426486315787,0.269246349238962,0.136904798494996,0.323144735155691,0.125456117101976,0.16109517997064,0.118045366973328,0.249233360607044,0.558872214171305,0.206316106125904,0.228100001036643,0.145550851912407,0.104120303785394,0.331195604263465,0.160779169266072,0.271403137297913,0.597008267074952,0.440659858102421,0.0860615973495595,0.565394083616961,0.0817730093883168,0.462202039625735,0.101075891898239,0.124262213036163,0.139573907789454
"Kansas St",0.0756691392695714,0.0505518713927257,0.909621485272008,0.557328244143856,0.590268636850214,0.516155349276979,0.129241385856442,0.611606499534861,0.0896661376379452,0.427524767633882,0.618925756388989,0.81860264465013,0.418065424335836,0.457791557573879,0.832936933585592,0.254697134148632,0.882763464094067,0.511832486068296,0.574198194536551,0.568777182150233,0.590077947276496,0.746760238608066,0.827710397012416,NA,0.641560699217781,0.793679343746139,0.420641618025806,0.458271237283512,0.592518928343301,0.348261667363115,0.891621447905935,0.692418368370408,0.129177622707357,0.294747740748903,0.440087197050801,0.543755814420562,0.544959030502619,0.54664602555188,0.394523822030569,0.590789394650032,0.692690348044203,0.563565719744483,0.716593520427085,0.54559501420533,0.616274451713082,0.482833232695042,0.641536113590776,0.548907718652993,0.530963811832359,0.46068855796173,0.525161537792556,0.798943497719748,0.570981946293554,0.496595055291315,0.368199934813707,0.130594795590449,0.582816304041755,0.24596170901162,0.633178191615477,0.905354635745544,0.821796815738416,0.111768093769969,0.878182340827803,0.148111658569129,0.89925375370664,0.20240840187043,0.136236452199366,0.497771297473698
"Kentucky",0.0743886451505583,0.0545085461496973,0.890129470739331,0.188687532619757,0.471028541668259,0.507323656303017,0.1631396929188,0.638747609486928,0.0911343391622221,0.357834343653003,0.51120124635875,0.659760672294951,0.280461450392291,0.0718651717432126,0.651866921325463,0.108428468372147,0.814710385254113,0.521752552187833,0.434108297402152,0.487715885023956,0.604659917262192,0.5045491853394,0.681937844924549,0.358439300782219,NA,0.754147268848194,0.226871057323502,0.526210670299667,0.519433916374569,0.224996146135962,0.608204988592066,0.62712707653662,0.173815032769178,0.180146923266446,0.26469572077328,0.301518672773648,0.409668863343087,0.500953911387246,0.186360051421359,0.599022956076511,0.62462223459759,0.517261353626457,0.593938352902969,0.591392640898603,0.60520920948381,0.30543246225422,0.526624776397528,0.320292624827516,0.454416618100785,0.305791353286477,0.478338910746641,0.636740344616759,0.468192540288371,0.547383704009223,0.199446066913559,0.0983876074730874,0.500455276922072,0.127953290541623,0.606582450269607,0.78078797633732,0.562267579687784,0.130225349776453,0.582051376471314,0.135980234809656,0.629153330103454,0.151838232383146,0.156819822328038,0.409367210158217
"Louisville",0.035986583384136,0.0300160660819095,0.547651469679989,0.226769316426734,0.219708200993109,0.228636945113088,0.0399822600014086,0.228928009797258,0.0647291975792052,0.207324628001403,0.201461897022975,0.419747158095971,0.158692652961978,0.124412084855209,0.370915689403433,0.0533783164310273,0.479240576963714,0.194816062651738,0.234654835210396,0.228270641238443,0.243873091057862,0.286377062253726,0.461874872009704,0.206320656253861,0.245852731151805,NA,0.0865714003514848,0.119881617595266,0.110647319520306,0.0969618179552345,0.356578674777098,0.33394615994539,0.047596936984169,0.0877377199248049,0.0981187643622117,0.260580792246524,0.102637441743298,0.152668575958623,0.0915035430261268,0.221873919618541,0.26240014719322,0.185357020638153,0.230833959883188,0.177570082035191,0.19388860753394,0.104826590881911,0.214482559624421,0.195518383011,0.105301883026143,0.132654024880909,0.180565103805619,0.275694745017492,0.134395730822363,0.226573161306091,0.0882216371360941,0.0318386153863591,0.228403947332044,0.0179808716954841,0.244038628244403,0.399268889513374,0.401581442703883,0.0527986199288127,0.426873777544018,0.00818207706984675,0.37194004580071,0.0685405040940451,0.0543974908927244,0.114827319272251
"Manhattan",0.0255501723484235,0.333606197200753,0.922311302772622,0.739002451115052,0.692689001403596,0.663978691463055,0.096413703838705,0.84561311102734,0.0606574926334012,0.57424924212772,0.762382943470565,0.825021340437475,0.591264517431161,0.409763649936605,0.857998774720863,0.484356971178534,0.911630812728353,0.77678483877552,0.589787674861013,0.52783761437419,0.840478390164921,0.873082124925547,0.817659341208583,0.579358381974194,0.773128942676498,0.913428599648515,NA,0.65377225407123,0.578372156732828,0.424742392590609,0.958885707655798,0.774330443124265,0.143675563298349,0.432253981351276,0.52606316617068,0.742414296178304,0.537827294609509,0.707106411855886,0.401518669142255,0.80265347075989,0.76966366567342,0.810488785943087,0.750726328330022,0.686474452338591,0.83321834667638,0.580454652077713,0.910899358773253,0.707253240050586,0.539354155838073,0.489025962681715,0.699669859553109,0.94267002834641,0.761884180418387,0.609197124357967,0.417625618051066,0.102984053833698,0.752411284414822,0.433909111918488,0.856925386375952,0.908975241674687,1,0.156562915999773,0.935886908928957,0.224561291348905,0.923915171682068,0.483752832488236,0.208587585806857,0.52371372776043
"Massachusetts",0.0303773726170615,0.0734630898588878,0.90229497211382,0.526286493841104,0.540089820880442,0.565542655984452,0.101213208433739,0.586534450759571,0.0813293192283019,0.480177520750948,0.574655634267429,0.808502976351317,0.515909050626178,0.203642616668306,0.759330938589219,0.166583815749669,0.826741310019685,0.444081036559097,0.567837822909909,0.535982338167995,0.519763294146885,0.646733303406474,0.789048090154869,0.541728762716488,0.473789329700333,0.880118382404734,0.34622774592877,NA,0.523158861805564,0.258145434341831,0.813222742537006,0.66118135073263,0.114315631800921,0.21379961413981,0.418154973477123,0.58624598257031,0.477676425294134,0.592313643858178,0.362705474984995,0.608284857671368,0.638182795067791,0.619734651114773,0.580004087812605,0.589282366235166,0.590044396143928,0.438853568591773,0.645974310995161,0.517907849181119,0.480577290133629,0.35280027918292,0.600091913482034,0.636784120792919,0.507629402615614,0.544954270420692,0.266417295774362,0.11794423763333,0.603915157167142,0.1836820370836,0.63955231231714,0.783604470563194,0.78510387644223,0.104116670204002,0.750877372133867,0.12297663425458,0.779710237463087,0.164796365282387,0.156811709344088,0.472737331204974
"Memphis",0.0436376256880759,0.0250890402900634,0.92378353444399,0.440540877829584,0.481703885000364,0.469060313205845,0.0962572101689077,0.627176000343748,0.0671927637504507,0.343328654224344,0.562630105782289,0.793562358316881,0.361535358842029,0.261557869859988,0.802714490106254,0.172386325933971,0.847302383263946,0.475395256628372,0.449673632468017,0.433029648313901,0.458797248333707,0.730708012078769,0.771034842803497,0.4074810716567,0.480566083625431,0.889352680479694,0.421627843267172,0.476841138194436,NA,0.254167469198765,0.739959078940663,0.670923780000615,0.102946810422521,0.216919501203821,0.413087164137925,0.582791290888047,0.426719446492642,0.512831362136269,0.389455658306108,0.56632538461638,0.579558367505392,0.543490357917967,0.587198922898229,0.535368474430892,0.557541123160036,0.396487021452966,0.531332677315671,0.522152576432809,0.393538558310356,0.389661581712437,0.488528885401734,0.62422609822539,0.528868436965539,0.524667229164269,0.271700146730943,0.100698827253795,0.572552027840322,0.178079953436994,0.615996576244106,0.897621758702385,0.724388319911789,0.0758782069540259,0.774290659036516,0.120298218855188,0.780319614973039,0.174369920704901,0.116012854007231,0.381237171264749
"Mercer",0.078275242982562,0.376594645332646,0.893165594139045,0.711500266640942,0.74733086906784,0.698600162394046,0.147955850374249,0.842968836177295,0.103935919451983,0.659216596749915,0.781098078677212,0.850439118009423,0.537551088725145,0.400003840126121,0.86084173164191,0.39543015638115,0.875145183791482,0.78994527111506,0.661395174502999,0.66170568440639,0.833437207543331,0.849522472905883,0.860892199702453,0.651738332636885,0.775003853864038,0.903038182044765,0.575257607409391,0.741854565658169,0.745832530801235,NA,0.92418957008626,0.848159373416798,0.170248264919987,0.517105578994347,0.55365532463113,0.558348780327957,0.578835105705316,0.877966133966821,0.540415510516145,0.91497531023953,0.907069409237854,0.922745314379554,0.794152886647102,0.8262933761279,0.776489685334336,0.58631088256426,0.916460938491235,0.539684033965073,0.712001723631096,0.545598571720543,0.890739057427189,0.927266826153665,0.697835643635896,0.716757969203483,0.532189833527544,0.156040025156839,0.849386734734421,0.405428163888323,0.951836772492756,0.918297039657901,0.905892679827978,0.2232710235959,0.904340649363584,0.304964567163637,0.93525516156482,0.505238285880062,0.267023948257264,0.65935067488839
"Michigan",0.0732869028399174,0.0213907246057182,0.684355127641169,0.132003584983002,0.292642644308821,0.175491178283721,0.0890430472976474,0.448130263877939,0.0133489423345014,0.160504677006657,0.426244808592476,0.505069960866074,0.164255493813326,0,0.510889131319224,0.133715604914175,0.749432936168499,0.45285570087636,0.246375591261808,0.126716164700968,0.261076583017066,0.211056866051998,0.46718738050228,0.108378552094065,0.391795011407934,0.643421325222902,0.0411142923442025,0.186777257462994,0.260040921059337,0.0758104299137404,NA,0.449989336340255,0.109714191662663,0.193879190507047,0.167350447679222,0.169262600441175,0.198902911554496,0.29162530074547,0.0867372302623536,0.385898482542516,0.421067679769277,0.50825995672716,0.445062592038606,0.409539951585229,0.419452217225475,0.237645299989478,0.556939126483118,0.178407753580779,0.277077691395895,0.135859385936922,0.356179900555811,0.493164063403231,0.43028920098266,0.193398498305102,0.206573580675311,0.10425412087677,0.475723092955335,0.148547543675135,0.420608079389649,0.49704784458179,0.467810481278578,0.0304263734406515,0.495134495735666,0.110893240422967,0.440865278741486,0.100289564810457,0.113995035461648,0.187190703653005
"Michigan St",0.0630690489333064,0.0554119437100932,0.808162442278323,0.406373410551803,0.409196487297444,0.294432385143075,0.07108349421486,0.490444733147976,0.0916720742023145,0.277734219275525,0.422599142935089,0.604257134079197,0.222110771124329,0.0720353256308343,0.542371955753984,0.103235825813939,0.737087567354683,0.428369087392875,0.304277969118369,0.290397542012608,0.523165906028521,0.472196248654714,0.59545283868221,0.307581631629592,0.37287292346338,0.66605384005461,0.225669556875735,0.33881864926737,0.329076219999385,0.151840626583202,0.550010663659745,NA,0.0837482245612944,0.171969366778549,0.176705634747531,0.160484321263158,0.209485122975791,0.369944046724027,0.153942789026865,0.508264294622531,0.470962864521377,0.518129596515045,0.363844819583435,0.431421288878493,0.381920050107213,0.199546152739083,0.466748727048922,0.209595512767213,0.266276426574296,0.158960432311225,0.390358349966624,0.468002308375502,0.416246383280319,0.360760982904303,0.173603980496223,0.0972428044501227,0.457034742109751,0.114830969692839,0.494158661199986,0.632726115739158,0.554522104299859,0.0543443351553113,0.532294433166477,0.0957882492522596,0.444050656148034,0.0699086549089604,0.0920111544643171,0.243977317899605
"Mt St Mary's",0.515299604773344,0.631111022724928,0.898439975503203,0.881232277633226,0.843038406812952,0.872232119196473,0.508741105324454,0.903813825614143,0.480552918545435,0.845685849531526,0.879540530712573,0.903204344876429,0.880687039979456,0.810339319825483,0.896335428319246,0.713528255138537,0.917769513310364,0.88982460601897,0.894654966953196,0.871787575769511,0.874204077674362,0.890303625098525,0.868915054231573,0.870822377292643,0.826184967230822,0.952403063015831,0.856324436701651,0.885684368199079,0.897053189577479,0.829751735080013,0.890285808337337,0.916251775438706,NA,0.939992126964048,0.916906354777334,1,0.903576936409557,0.938857058597701,0.920304087056481,0.94048735566753,0.936145405265681,0.923852069986586,0.954515618145767,0.921011846517126,1,0.945252312930839,0.956790453403882,1,0.928892186088438,0.901237114417468,0.937538127372679,0.956555171346537,0.98129997506246,0.945339258155022,0.930771785046367,0.478579267665705,0.950306093677462,0.830204358915694,0.963777515553557,0.943641750152626,1,0.476935950390623,0.972450224090874,0.568626002676745,0.930805931543701,0.863616380564643,0.585182988079768,0.942625128501898
"NC Central",0.118594629694285,0.381132749167288,0.863308635617561,0.679081868758452,0.779845842123422,0.71341037082749,0.0756149177855143,0.855627201073915,0.205596560351988,0.705242097109676,0.783434477881643,0.85328804840661,0.660552737419575,0.263257635392815,0.886570792353654,0.328979061843806,0.8785887354397,0.790385637347148,0.723258625424195,0.736568292696315,0.796426154437214,0.778039465235713,0.865965941126594,0.705252259251097,0.819853076733554,0.912262280075195,0.567746018648724,0.78620038586019,0.783080498796179,0.482894421005653,0.806120809492953,0.828030633221451,0.0600078730359523,NA,0.529788007647366,0.491025022793236,0.591115642549074,0.855430817922283,0.566757450312806,0.923960261218815,0.917657237935773,0.912719729821928,0.801457737777369,0.903556283339087,0.755425091262199,0.494057500780997,0.920976929806552,0.518676230443839,0.691289740105262,0.548512890720854,0.865501263600084,0.904425635581223,0.715230622687881,0.828795808595563,0.566724313994235,0.143442846975534,0.914151534689831,0.411095510594174,0.949882878332786,0.913485883079407,0.879266048976104,0.303453091199544,0.897138529188183,0.482309944735962,0.881276207514759,0.375897798783567,0.309971059182741,0.639312976904221
"NC State",0.0601771621224755,0.213388857574459,0.917718609639036,0.632983153971052,0.693345714087221,0.493692795139185,0.0649034469414892,0.772833829840238,0.06043016022494,0.627652910668467,0.705488856591134,0.87167405190081,0.53667653252202,0.405774093489891,0.882446855347138,0.496601085261519,0.87911250515712,0.704810007446819,0.585802029186158,0.471926697620993,0.742134078199679,0.82217957442188,0.879771307658891,0.559912802949199,0.73530427922672,0.901881235637788,0.47393683382932,0.581845026522877,0.586912835862075,0.44634467536887,0.832649552320778,0.823294365252469,0.0830936452226659,0.470211992352634,NA,0.487419599428017,0.595271361795937,0.766592778360131,0.374494584216063,0.793507418998139,0.790075595774381,0.822499085453089,0.730010189705014,0.702998769995977,0.735849649435561,0.606862103212912,0.829502291532803,0.683767373518987,0.558908871233913,0.472699208474143,0.708610733866342,0.914695106982018,0.773941763304854,0.599363437533161,0.368690320294584,0.115301784870976,0.731646580411232,0.35266287149655,0.89363948709894,0.919894764441241,0.953725173827303,0.156237091385708,0.948079529561448,0.175251010604643,0.901812042466326,0.32136281166337,0.206766781499625,0.545969157120594
"N Dakota St",0.0774293353247049,0.0942463170900654,0.887705973642926,0.454409474759324,0.643527077644766,0.312508125684069,0.0828393358168458,0.78198745203246,0,0.618925003177261,0.546739709183592,0.839893856844537,0.618416905428223,0.237908196187533,0.862437989707364,0.345457134965251,0.916041759399523,0.710080307646017,0.654180325774483,0.544582777485876,0.695300354669039,0.589510297572939,0.837533435334433,0.456244185579438,0.698481327226352,0.739419207753476,0.257585703821696,0.41375401742969,0.417208709111953,0.441651219672043,0.830737399558825,0.839515678736842,0,0.508974977206764,0.512580400571983,NA,0.61746462742903,0.602117384680631,0.384573059641582,0.680874736189427,0.781352807669428,0.780702901745914,0.748231564501719,0.64245289756195,0.718189799587077,0.60825420439741,0.713788264974807,0.526848116066208,0.647541937401229,0.464957401076963,0.602721459468797,0.810371170317964,0.619500655528292,0.52557064324256,0.490972673919907,0.122661712596271,0.75344012010632,0.487530140990881,0.719355492568862,0.966548819564608,0.800792381327271,0.0876713088813554,0.917163933038748,0.145965653297032,0.919421056697099,0.340052126388359,0.175739679297097,0.556987853766015
"Nebraska",0.0572532199509654,0.0400568834870589,0.903719030808563,0.482275226984015,0.578062336672083,0.439295983768958,0.081177064658269,0.651362086165361,0.055133715911178,0.443672604126912,0.619022463243214,0.795322001962357,0.433430617994259,0.4465984927573,0.808238301207526,0.26443138820782,0.906106907062439,0.520567339010315,0.497170600892398,0.435271665000175,0.614602260477447,0.720277880261279,0.834343124525477,0.455040969497381,0.590331136656913,0.897362558256702,0.462172705390491,0.522323574705866,0.573280553507358,0.421164894294684,0.801097088445504,0.790514877024209,0.0964230635904428,0.408884357450926,0.404728638204063,0.38253537257097,NA,0.52874944346254,0.37975359558262,0.58529968689101,0.690026444205774,0.560348882197205,0.769864826819929,0.494953718796275,0.57920913321161,0.522851443172774,0.594340874014436,0.550743329746106,0.535642809815,0.421083514235715,0.529104086103176,0.822610124079351,0.594033606503323,0.548111809176073,0.37934194912216,0.156884304781363,0.636558037127949,0.258128906007115,0.64646951701848,0.933582512583112,0.800014127461192,0.10908384045165,0.910468966652499,0.157508100705988,0.887997721253094,0.152457317169607,0.139453989697383,0.498469379392067
"New Mexico",0.0654668542566668,0.0638097176678536,0.889279347751124,0.391110887673367,0.525036295853278,0.470062086861489,0.0970985129603882,0.648050913064145,0.0941948546276906,0.400287528157258,0.525235678954462,0.748331459515518,0.402173869367665,0.0554189936339212,0.796345232883227,0.104643381715999,0.847787335354904,0.504208422546493,0.423645962503835,0.456823302676604,0.547483749520656,0.615646772201482,0.797248169203329,0.45335397444812,0.499046088612754,0.847331424041377,0.292893588144114,0.407686356141822,0.487168637863731,0.122033866033179,0.70837469925453,0.630055953275973,0.0611429414022991,0.144569182077717,0.233407221639869,0.397882615319369,0.47125055653746,NA,0.283848559068385,0.64230642373111,0.62340159235223,0.611926558699296,0.574940515650196,0.591564499524739,0.550739112326757,0.403619600634316,0.541247100845103,0.321345501985992,0.394705572831398,0.410513359701757,0.517539804424198,0.606116549982242,0.505180205378442,0.513269527331721,0.237353512669332,0.100932169099244,0.537040760032423,0.111485381886933,0.655491639703023,0.808426985134193,0.692441699972194,0.0886571063375666,0.590851403219652,0.0459055432004259,0.682999862811207,0.126492024126317,0.149206472103107,0.386968576196869
"New Mexico St",0.0735568622313966,0.391597900124089,0.933049112879523,0.600115061587417,0.724828562727792,0.656077875835541,0.158138603831399,0.867723464711017,0.109236964452951,0.591897985668378,0.744408731116723,0.895161642296944,0.604769913325061,0.455942335905332,0.960710225820613,0.374790228693389,0.920950985048329,0.73318005306834,0.588528763637306,0.591643917599776,0.84710504699479,0.867353833006732,0.880629607970175,0.605476177969431,0.813639948578641,0.908496456973873,0.598481330857745,0.637294525015005,0.610544341693892,0.459584489483855,0.913262769737646,0.846057210973135,0.0796959129435189,0.433242549687194,0.625505415783937,0.615426940358418,0.62024640441738,0.716151440931615,NA,0.92300367678081,0.908885979809834,0.923020946798599,0.758176901466362,0.836944218900614,0.786964000826707,0.554930433392042,0.902309260322059,0.517798105631446,0.569682620728154,0.551496835285307,0.751023803512979,0.947389685398616,0.7089517974643,0.645920906541781,0.504346553587023,0.141589201054394,0.835086751529914,0.435761401804469,0.937443552414028,0.93988860846411,0.928223468924647,0.209649708332253,0.926126097948579,0.215288952017806,0.953776305019447,0.558552571843682,0.278874589596292,0.546141272370881
"North Carolina",0.0355502303360768,0.0360742895438802,0.819857557987838,0.407879497155333,0.393020099380213,0.456143241105064,0.135108644520808,0.565980839354843,0.0752393336596281,0.361233466142961,0.405125667429022,0.681820492344598,0.380970347423969,0.0858328495142732,0.634744228839488,0.101183081722086,0.744713063331517,0.396586042110179,0.383764360760034,0.421831273067046,0.532535416140077,0.526399168183026,0.703077080527311,0.409210605349968,0.400977043923489,0.778126080381459,0.19734652924011,0.391715142328632,0.43367461538362,0.0850246897604702,0.614101517457484,0.491735705377469,0.0595126443324699,0.0760397387811845,0.206492581001861,0.319125263810574,0.41470031310899,0.35769357626889,0.0769963232191899,NA,0.596351643998024,0.466530481568172,0.392258674325679,0.4686210358819,0.442095676444909,0.338561932670993,0.463596887680675,0.363423635810518,0.352046120924969,0.240182487210068,0.466754582158861,0.536213148029431,0.398438787544767,0.474567734137143,0.171609009456402,0.0738834952533571,0.513191405764394,0.135810899076113,0.516360384656009,0.792281832389357,0.582897380416761,0.0724922582823009,0.535209308042434,0.112209618115377,0.579850944310629,0.120069481413843,0.145361137896637,0.347378471789463
"Ohio St",0.0569189822760106,0.00979934045976595,0.840093606928133,0.415582190114974,0.416367488307597,0.290593082559599,0.0770312521762918,0.510909053431961,0.0516416675288665,0.305145998239214,0.433527175364624,0.59853644815721,0.252225639535932,0.166625992396332,0.561477691261331,0.0879564848938318,0.781014184206794,0.367679168004694,0.279025587781875,0.384789390487869,0.50635930650136,0.524068833847868,0.616156838538288,0.307309651955797,0.37537776540241,0.73759985280678,0.23033633432658,0.361817204932209,0.420441632494608,0.0929305907621455,0.578932320230723,0.529037135478623,0.0638545947343192,0.082342762064227,0.209924404225619,0.218647192330572,0.309973555794226,0.37659840764777,0.0911140201901655,0.403648356001976,NA,0.545174909403432,0.372707194417169,0.484561856083989,0.474513957232522,0.185396592808817,0.507139775013348,0.262974719439515,0.31965825270732,0.155832983180653,0.545173508113669,0.482424423202518,0.379851763188855,0.432637957702968,0.193152895939726,0.109606899828304,0.48366688966593,0.100755463538319,0.517280203519949,0.642647161099848,0.603295311930542,0.0828282065556023,0.592127993295012,0.0867008687136022,0.488701882648179,0.0383473236149614,0.125402799743075,0.265983445893973
"Oklahoma",0.0267992858160376,0.0254469788817036,0.843630501941925,0.462600123663354,0.465860399115297,0.445905546730675,0.0683356188165676,0.56944995126868,0.0589401256625973,0.397670487842669,0.536100474161482,0.62031571707974,0.393902470678899,0.0972824921459893,0.590493539053449,0.108872483145564,0.793687897999935,0.518368674431772,0.428570293166858,0.425884928606927,0.57178934481475,0.499610935306944,0.694907562122905,0.436434280255517,0.482738646373543,0.814642979361847,0.189511214056913,0.380265348885228,0.456509642082033,0.0772546856204465,0.49174004327284,0.481870403484955,0.0761479300134141,0.0872802701780717,0.177500914546911,0.219297098254086,0.439651117802795,0.388073441300704,0.0769790532014009,0.533469518431828,0.454825090596568,NA,0.441506972046127,0.403364419388804,0.551813624568943,0.362270576204297,0.519584701277253,0.41400091956704,0.336070414909388,0.23488355642094,0.438238338646244,0.498829225049572,0.52514134228191,0.460567128450289,0.171331000300522,0.0913736244734554,0.423317179867157,0.12664417182428,0.50664414890291,0.732235649780926,0.715328786835242,0.0669768839128857,0.606642359452491,0.0980772700864269,0.523909073422399,0.0629475568565548,0.100821829057618,0.333580682521746
"Oklahoma St",0.0450782110639711,0.00631813041494757,0.852023612899273,0.368429606318584,0.475365876926056,0.294601810510539,0.0421540465081324,0.639214471597375,0.0873306529928,0.248068518850103,0.495109890647705,0.56705364899798,0.223348605404889,0.275120615660407,0.591485628773215,0.202035788269332,0.83067716781186,0.462678534879102,0.359673368206136,0.368539918147124,0.531974092376018,0.5273730241695,0.623351993182703,0.283406479572915,0.406061647097031,0.769166040116812,0.249273671669978,0.419995912187395,0.412801077101771,0.205847113352898,0.554937407961394,0.636155180416565,0.0454843818542328,0.198542262222631,0.269989810294986,0.251768435498281,0.230135173180071,0.425059484349804,0.241823098533638,0.607741325674321,0.627292805582831,0.558493027953873,NA,0.445899850452016,0.692136117690745,0.307612255851707,0.522672408093316,0.486181256564291,0.488818436237645,0.277395309294351,0.506036512236699,0.624002613760082,0.74933869625289,0.48817534925303,0.204273696850898,0.0553834052232552,0.466303196709723,0.0927659908980868,0.563301073185873,0.724654291272613,0.781410194168738,0.180727115238658,0.81464252622845,0.0398486578416326,0.692263365318938,0.108302487971506,0.143283164778986,0.465053475344294
"Oregon",0.0552561332208566,0.013732470734771,0.88665860184155,0.439609459222087,0.440267442158211,0.407901452384063,0.0977210954384378,0.628536701578592,0.0648684361445419,0.403159235342504,0.510645102520202,0.681559514794327,0.418137807440241,0.16355423683273,0.611288146701791,0.120158068571411,0.84967754330139,0.495938497115728,0.423641455035516,0.447922870695537,0.531346815782772,0.544805406217305,0.717573513684213,0.45440498579467,0.408607359101397,0.822429917964809,0.313525547661409,0.410717633764834,0.464631525569108,0.1737066238721,0.590460048414771,0.568578711121507,0.0789881534828744,0.096443716660913,0.297001230004023,0.35754710243805,0.505046281203725,0.408435500475261,0.163055781099386,0.5313789641181,0.515438143916011,0.596635580611196,0.554100149547984,NA,0.513396764971538,0.276243282499808,0.52807833366325,0.303805408305114,0.375557999182726,0.233651940597262,0.475886693207077,0.616047036161061,0.497285019238862,0.509929813053986,0.222370742885025,0.125820944120037,0.508369815817105,0.214168875440701,0.587794989527917,0.902858952126361,0.5916425944913,0.0784299949657944,0.655218561368619,0.115218319083844,0.571901279716781,0.0809119799690662,0.121712096024217,0.33625219254777
"Pittsburgh",0.0736835554345785,0.0491155609756197,0.888862118175492,0.186113845654791,0.446482762364407,0.326578619744366,0.0663522950573866,0.663475594343021,0.0745700126455327,0.376888701283348,0.522721518188147,0.705053834659848,0.373051966196956,0.0643216134531295,0.675069875774635,0.237269010408423,0.859476858582988,0.515489875378958,0.420224229684062,0.4413574193745,0.532053493466378,0.390529013746344,0.730753650761038,0.383725548286918,0.39479079051619,0.80611139246606,0.16678165332362,0.409955603856072,0.442458876839964,0.223510314665664,0.580547782774525,0.618079949892787,0,0.244574908737801,0.264150350564439,0.281810200412923,0.42079086678839,0.449260887673243,0.213035999173293,0.557904323555091,0.525486042767478,0.448186375431057,0.307863882309255,0.486603235028462,NA,0.343582269823726,0.527009267378667,0.293915842738376,0.460956954118734,0.323122873833576,0.478409606418674,0.724729197471631,0.484735518374694,0.567382774393536,0.241148219100722,0.077740628876213,0.513619360571881,0.14331506338367,0.620885154922889,0.898101459743537,0.579012522969033,0.0919100847168052,0.718085722928065,0.0733391829333546,0.674236901500625,0.135905564131635,0.127298396544288,0.437206973370073
"Providence",0.0637963046907746,0.107272701786143,0.906932053459297,0.525309116832703,0.595464252661049,0.538165620981612,0.139377804243188,0.679217162073561,0.0992460424373907,0.508280805783659,0.622630975508113,0.819130900865847,0.496109532362117,0.401511956517952,0.841369345445299,0.241430050289654,0.911738382193393,0.543768271573347,0.567503024450836,0.539583554723797,0.669042707218825,0.747858914036868,0.863095201505004,0.517166767304958,0.69456753774578,0.895173409118089,0.419545347922287,0.561146431408227,0.603512978547034,0.41368911743574,0.762354700010522,0.800453847260917,0.0547476870691608,0.505942499219003,0.393137896787088,0.39174579560259,0.477148556827226,0.596380399365684,0.445069566607958,0.661438067329007,0.814603407191183,0.637729423795703,0.692387744148293,0.723756717500192,0.656417730176274,NA,0.663896941042085,0.480825388636761,0.55349658744188,0.465253685711833,0.556381781158489,0.889339502377343,0.569840054141291,0.517808274192242,0.443446875870429,0.136979351985852,0.701042352469012,0.303308741340478,0.664597633123594,0.929113619620759,0.89695341016461,0.129947708798817,0.895625768392481,0.177279746638165,0.90727368326361,0.21869501867139,0.173902869348495,0.54991117546625
"San Diego St",0.0384809995739454,0.021040309076176,0.80943929965477,0.381476056865151,0.434851004590694,0.436917319909546,0.0696857438957644,0.527171383618478,0.0498615370217199,0.342609727779118,0.48661494765947,0.599094164296434,0.337763444754759,0.0356855956227398,0.621807673181853,0.054805423473602,0.798426757949433,0.525954353266445,0.370692020248651,0.372312839558396,0.513096153091078,0.472989448835347,0.676855264844309,0.358463886409224,0.473375223602472,0.785517440375579,0.0891006412267466,0.354025689004839,0.468667322684329,0.0835390615087652,0.443060873516882,0.533251272951078,0.0432095465961177,0.0790230701934476,0.170497708467197,0.286211735025193,0.405659125985564,0.458752899154897,0.0976907396779413,0.536403112319325,0.492860224986652,0.480415298722747,0.477327591906684,0.47192166633675,0.472990732621333,0.336103058957915,NA,0.215957227808136,0.331473041346669,0.305750164264762,0.377144948643689,0.554673819112508,0.413761254399341,0.354592821834513,0.174688676390513,0.0222576533224733,0.419052054361218,0.0738964068714514,0.493049938355451,0.678983943859107,0.466293385220549,0.0447466340204055,0.506792549911376,0,0.510532032070781,0.0464153529433057,0.093282128926459,0.314540281996101
"SF Austin",0.073949080460427,0.358016152467705,0.87572197217785,0.437734079506208,0.669979841777985,0.272327114516369,0.0607617548251308,0.797030564737589,0.0241709794783781,0.551782281048506,0.616771204178042,0.840057456647067,0.521410855048245,0.251946815568588,0.838612213532535,0.356402706130873,0.870003062380632,0.686235677759248,0.552332591907077,0.448135322773349,0.628315563974338,0.622579851372467,0.874543882898024,0.451092281347007,0.679707375172484,0.804481616989,0.292746759949414,0.482092150818881,0.477847423567192,0.460315966034927,0.821592246419221,0.790404487232787,0,0.481323769556161,0.316232626481013,0.473151883933792,0.449256670253895,0.678654498014008,0.482201894368554,0.636576364189482,0.737025280560485,0.58599908043296,0.513818743435709,0.696194591694886,0.706084157261624,0.519174611363239,0.784042772191864,NA,0.538425816679676,0.510572136877517,0.67412190859057,0.902874992599431,0.638967533080948,0.527943871266694,0.464287879812988,0.151102280632017,0.745216826573327,0.387618477572252,0.878263806436574,0.920152755234425,0.842922116986667,0.194124069309539,0.906794117919403,0.224254043961735,0.859849840654436,0.362423143715843,0.221643651062121,0.521644464393138
"Stanford",0.0785277544695862,0.0318387656297153,0.9110521777062,0.518103824103423,0.558069537845787,0.427820063781061,0.0742004408311795,0.628170507254509,0.0919567244353678,0.420404863515276,0.601131270404785,0.814023700453883,0.384468063361422,0.23743362786098,0.830615764968526,0.229624541560745,0.895568279297536,0.506339273188665,0.485702513450032,0.520936630690077,0.479720782149959,0.613423385189889,0.83890482002936,0.469036188167641,0.545583381899215,0.894698116973857,0.460645844161927,0.519422709866371,0.606461441689644,0.287998276368904,0.722922308604105,0.733723573425704,0.0711078139115622,0.308710259894738,0.441091128766087,0.352458062598771,0.464357190185,0.605294427168602,0.430317379271846,0.647953879075031,0.68034174729268,0.663929585090612,0.511181563762355,0.624442000817274,0.539043045881266,0.44650341255812,0.668526958653331,0.461574183320323,NA,0.374206576393464,0.638018348202829,0.652965066010908,0.597533866001291,0.501543838217968,0.31690155313297,0.14534421038811,0.592632902950105,0.177842844367218,0.644376916341882,0.925384378993964,0.760743459577625,0.111887891073227,0.857581361182043,0.153287662310434,0.874756158876909,0.138791098344715,0.137842206385122,0.491708460958243
"St Joseph's PA",0.0825431107883409,0.11561626801083,0.944672400014713,0.496244107058828,0.562171845649206,0.526094247048498,0.196757348942597,0.785482426859036,0.102461028434278,0.557895207249602,0.631927392894081,0.838827181592425,0.51993937284772,0.439083049254151,0.922009964909784,0.251546570132523,0.923035273444201,0.613023695915709,0.630198240928159,0.571101867998854,0.737160527679811,0.804942752289719,0.881954633026672,0.53931144203827,0.694208646713523,0.867345975119091,0.510974037318285,0.64719972081708,0.610338418287563,0.454401428279457,0.864140614063078,0.841039567688775,0.0987628855825324,0.451487109279146,0.527300791525857,0.535042598923037,0.578916485764285,0.589486640298243,0.448503164714693,0.759817512789932,0.844167016819347,0.76511644357906,0.722604690705649,0.766348059402738,0.676877126166424,0.534746314288167,0.694249835735238,0.489427863122483,0.625793423606536,NA,0.622246963072026,0.830230524958385,0.59324184811454,0.567066919287289,0.439339461127329,0.144946644360113,0.710605803016986,0.367794661099738,0.723416606408912,0.940538694893681,0.796825612259198,0.152949206593016,0.932923318727844,0.167984413556057,0.938641505512851,0.279929787689684,0.180595206681937,0.595745597929973
"St Louis",0.0516437963556272,0.0274644543080196,0.894119580159602,0.532571079346801,0.536467078864637,0.507209741243313,0.128788184006254,0.562984972306754,0.073020388485263,0.379145215660048,0.574688270497083,0.748446908188742,0.397850452863384,0.16916843683414,0.747437049904019,0.122134603087761,0.836207872538198,0.54220776716705,0.447369860036045,0.510314114545905,0.501180398902334,0.562672329582861,0.750766639392956,0.474838462207444,0.521661089253359,0.819434896194381,0.300330140446891,0.399908086517966,0.511471114598266,0.109260942572811,0.643820099444189,0.609641650033376,0.0624618726273208,0.134498736399916,0.291389266133658,0.397278540531203,0.470895913896824,0.482460195575802,0.248976196487021,0.533245417841139,0.454826491886331,0.561761661353756,0.493963487763302,0.524113306792923,0.521590393581326,0.443618218841511,0.622855051356311,0.32587809140943,0.361981651797171,0.377753036927974,NA,0.535183109601097,0.505639723340805,0.405645268956862,0.227237921430993,0.072601434864127,0.556607721540703,0.169559545464927,0.567822519299709,0.720303047646714,0.698571034096573,0.0651590169593349,0.642148746397264,0.0996016638488518,0.664620732297714,0.121303189930472,0.0990724482564475,0.351058441216923
"Syracuse",0.0604962258620199,0.0245364884331714,0.731228442032614,0.246806706645999,0.385416366792021,0.292265167907921,0.0541438244223589,0.528137854673327,0.0493455764743781,0.2145675108771,0.470889697006838,0.494437581093048,0.194278946528051,0,0.55604460483546,0.0596285091626059,0.725439056216859,0.408405440627898,0.241999543852611,0.196374913937917,0.352660140062092,0.341397264729995,0.441127785828695,0.201056502280252,0.363259655383241,0.724305254982508,0.0573299716535897,0.363215879207081,0.37577390177461,0.072733173846335,0.506835936596769,0.531997691624498,0.0434448286534632,0.0955743644187775,0.0853048930179826,0.189628829682036,0.177389875920649,0.393883450017758,0.0526103146013844,0.463786851970569,0.517575576797482,0.501170774950428,0.375997386239918,0.383952963838939,0.275270802528369,0.110660497622657,0.445326180887491,0.0971250074005691,0.347034933989092,0.169769475041615,0.464816890398903,NA,0.386219716490172,0.226134039638592,0.131927519138447,0.0701609335363889,0.361170635745464,0.0908263279504462,0.346252046689494,0.500018233051212,0.421418914906333,0.0300764328725782,0.509968342897328,0.0584082429605852,0.404991136373761,0.052111666660439,0.0982842389706807,0.212881910547068
"Tennessee",0.0643380213465499,0.0471567222871548,0.820504232662008,0.239962638470109,0.500753878507549,0.428463139478855,0.0487785971302235,0.595658197193971,0.0852564666733038,0.477939488288372,0.490716531099348,0.703002895685365,0.410308440916773,0.0904363580376114,0.67927261440806,0.281248722255745,0.79558692167026,0.485502752075128,0.449939763622333,0.43803441970163,0.501056515697281,0.3396695611467,0.793683893874096,0.429018053706446,0.531807459711629,0.865604269177637,0.238115819581613,0.492370597384386,0.471131563034461,0.302164356364104,0.56971079901734,0.583753616719681,0.0187000249375395,0.284769377312119,0.226058236695146,0.380499344471708,0.405966393496677,0.494819794621558,0.2910482025357,0.601561212455233,0.620148236811145,0.47485865771809,0.25066130374711,0.502714980761138,0.515264481625306,0.430159945858709,0.586238745600659,0.361032466919052,0.402466133998709,0.40675815188546,0.494360276659195,0.613780283509828,NA,0.489608807936248,0.217449162708919,0.0864913552067009,0.421655991830166,0.137541464965023,0.469895267982156,0.899758823008853,0.610302821072489,0.085960096708626,0.685738683614058,0.0942773822937644,0.623765426660898,0.128085836697633,0.124264932078174,0.522817607624496
"Texas",0.0736064063029029,0.0772054451775823,0.859577770259138,0.460487387957231,0.477441611087332,0.522637926022326,0.151786931302111,0.61676175101074,0.0856047165635218,0.396742986705541,0.509407685541877,0.79880610423528,0.42906633677178,0.301701223524571,0.836071378452184,0.113732981011396,0.864983373528151,0.421375288465772,0.453857667281268,0.603899676213859,0.531435453951052,0.594507016039651,0.771899998963357,0.503404944708685,0.452616295990777,0.773426838693909,0.390802875642033,0.455045729579308,0.475332770835731,0.283242030796517,0.806601501694898,0.639239017095697,0.0546607418449778,0.171204191404437,0.400636562466839,0.47442935675744,0.451888190823927,0.486730472668279,0.354079093458219,0.525432265862857,0.567362042297032,0.539432871549711,0.51182465074697,0.490070186946014,0.432617225606464,0.482191725807758,0.645407178165487,0.472056128733306,0.498456161782032,0.432933080712711,0.594354731043138,0.773865960361408,0.510391192063752,NA,0.271463771324198,0.112619449261994,0.651840474000358,0.18358033110857,0.577115370949872,0.921768140449039,0.750246293937606,0.149158543760515,0.876383227605773,0.134289386278652,0.851718347757884,0.216792918232285,0.190024388079454,0.450420906229625
"Tulsa",0.0861376354031319,0.358641923172374,0.903615167252185,0.725802283204029,0.759502976732155,0.677008019417535,0.0483979339788896,0.83424272931135,0.105407252979071,0.637627340833904,0.792009167310368,0.821281542840099,0.548743485724153,0.462692986680484,0.877481730643037,0.399267740782692,0.876698865897813,0.783119172421061,0.658629276233563,0.652755590253234,0.815143585358973,0.862633336902631,0.854449148087593,0.631800065186293,0.800553933086441,0.911778362863906,0.582374381948934,0.733582704225638,0.728299853269057,0.467810166472456,0.793426419324689,0.826396019503777,0.069228214953633,0.433275686005765,0.631309679705416,0.509027326080093,0.62065805087784,0.762646487330668,0.495653446412977,0.828390990543598,0.806847104060274,0.828668999699478,0.795726303149102,0.777629257114975,0.758851780899278,0.556553124129571,0.825311323609487,0.535712120187012,0.68309844686703,0.560660538872671,0.772762078569007,0.868072480861553,0.782550837291081,0.728536228675802,NA,0.0989423292855142,0.898316569210171,0.418584081048984,0.927344707723188,0.902267198831888,0.959726577394212,0.227377064705896,0.91774175153085,0.302464158828138,0.893780888116284,0.419827195666274,0.221919464469393,0.638525498542605
"TX Southern",0.532109046271171,0.72447976525357,0.963222141516498,0.870038744439485,0.874485123235707,0.911442165804828,0.546684367635223,0.924750187241879,0.626965110350038,0.865589046137048,0.910394002096134,0.922624404633225,0.864308478539246,0.90728515013857,0.962157514462831,0.786750731285492,0.931986558231352,0.875845035406191,0.885171634408031,0.866597709901267,0.917447059443867,0.968254864912076,0.895879696214606,0.869405204409551,0.901612392526913,0.968161384613641,0.897015946166302,0.88205576236667,0.899301172746205,0.843959974843161,0.89574587912323,0.902757195549877,0.521420732334295,0.856557153024466,0.884698215129024,0.877338287403729,0.843115695218637,0.899067830900756,0.858410798945606,0.926116504746643,0.890393100171696,0.908626375526545,0.944616594776745,0.874179055879963,0.922259371123787,0.863020648014148,0.977742346677527,0.848897719367983,0.85465578961189,0.855053355639887,0.927398565135873,0.929839066463611,0.913508644793299,0.887380550738006,0.901057670714486,NA,0.934420343195823,0.937794830324326,0.947579678484601,0.931079985752231,0.9353103499043,0.643623722011304,0.935968045435207,0.852935530892711,0.946731556155908,0.906315244445328,0.590751805607991,0.917907087759658
"UCLA",0.0658128933575433,0.0252560266066993,0.892833996456118,0.377320755715424,0.487208291363394,0.403861858850614,0.0534149914234438,0.583433722379463,0.0700351259006687,0.360647863585124,0.506227084191782,0.602871814590167,0.266361380357446,0.207041547098385,0.560194121955809,0.0640879603549678,0.838338647545766,0.473851182829205,0.362600335594741,0.457733756958828,0.558112515440228,0.595781601677228,0.668804395736535,0.417183695958245,0.499544723077928,0.771596052667956,0.247588715585178,0.396084842832858,0.427447972159678,0.150613265265579,0.524276907044665,0.542965257890249,0.0496939063225375,0.0858484653101688,0.268353419588768,0.24655987989368,0.363441962872051,0.462959239967577,0.164913248470086,0.486808594235606,0.51633311033407,0.576682820132843,0.533696803290277,0.491630184182895,0.486380639428119,0.298957647530988,0.580947945638782,0.254783173426673,0.407367097049896,0.289394196983014,0.443392278459297,0.638829364254536,0.578344008169834,0.348159525999642,0.101683430789829,0.0655796568041768,NA,0.0768576070542486,0.554286340802779,0.851853046967868,0.478621944962846,0.0713891104612266,0.627111485581202,0.024504245196237,0.52076782312036,0.0861679250816475,0.0971963760898702,0.310158887984151
"ULL",0.213665039748414,0.42692151006399,0.92660438947759,0.792757263335978,0.788573948976084,0.790061309019291,0.137925509505499,0.924651346801111,0.267749892521725,0.748573608673522,0.808301998209178,0.861684958982022,0.685625830880884,0.656498616990938,0.876789263979736,0.527569468634867,0.871229687414388,0.847810758108709,0.796666835361253,0.720377824578399,0.831427811267484,0.931920611815353,0.839220830733928,0.75403829098838,0.872046709458377,0.982019128304516,0.566090888081512,0.8163179629164,0.821920046563006,0.594571836111677,0.851452456324865,0.885169030307161,0.169795641084306,0.588904489405826,0.64733712850345,0.512469859009119,0.741871093992885,0.888514618113067,0.564238598195531,0.864189100923887,0.899244536461681,0.87335582817572,0.907234009101913,0.785831124559299,0.85668493661633,0.696691258659522,0.926103593128549,0.612381522427748,0.822157155632782,0.632205338900262,0.830440454535073,0.909173672049554,0.862458535034977,0.81641966889143,0.581415918951016,0.0622051696756737,0.923142392945751,NA,0.939246719159629,0.908345143757665,0.957732839237478,0.329620998480168,0.912644989153039,0.536211969410745,0.940029517743445,0.418018849081936,0.309545839912758,0.769169701640461
"VA Commonwealth",0.0131877584165874,0.0206299704403741,0.765527736721583,0.400803640423329,0.440729947899228,0.405220097752234,0.0844904512614065,0.517697236379128,0.0637090695533105,0.394667721899136,0.435322807287551,0.645175127875257,0.385451952753936,0.1714810876895,0.617540561136604,0.0544869204663548,0.741737009804801,0.349718303065055,0.349134047377845,0.308286564734008,0.489317897979494,0.496392083435156,0.728596862702087,0.366821808384523,0.393417549730393,0.755961371755597,0.143074613624048,0.36044768768286,0.384003423755894,0.0481632275072444,0.579391920610351,0.505841338800014,0.0362224844464433,0.0501171216672138,0.10636051290106,0.280644507431138,0.35353048298152,0.344508360296977,0.062556447585972,0.483639615343991,0.482719796480051,0.49335585109709,0.436698926814127,0.412205010472083,0.379114845077111,0.335402366876406,0.506950061644549,0.121736193563426,0.355623083658118,0.276583393591088,0.432177480700291,0.653747953310506,0.530104732017844,0.422884629050128,0.0726552922768121,0.052420321515399,0.445713659197221,0.0607532808403707,NA,0.675993081092842,0.679663902307771,0.165040909439145,0.629711533129443,0.0523052368285324,0.510529619281694,0.0720979661272245,0.101594489018566,0.434694345500698
"Villanova",0.0406104743723812,0.0407398464622436,0.446496554428231,0.0800582040101495,0.0641263586810956,0.0977149851996131,0.115552246551457,0.324416276887982,0.0776985342392667,0.0673891655353146,0.113135418973894,0.453828634491429,0.0737428764367725,0.0535579362954591,0.488355550827499,0.0975826550914762,0.561814798177212,0.116796715164934,0.0878231303816391,0.0660456259635947,0.200673034336062,0.430716946681569,0.402991732925048,0.0946453642544558,0.21921202366268,0.600731110486626,0.0910247583253133,0.216395529436806,0.102378241297615,0.0817029603420989,0.50295215541821,0.367273884260842,0.056358249847374,0.0865141169205934,0.0801052355587585,0.033451180435392,0.0664174874168879,0.191573014865807,0.0601113915358899,0.207718167610643,0.357352838900152,0.267764350219074,0.275345708727387,0.0971410478736389,0.101898540256463,0.0708863803792414,0.321016056140893,0.0798472447655754,0.0746156210060356,0.0594613051063188,0.279696952353286,0.499981766948788,0.100241176991147,0.0782318595509614,0.0977328011681119,0.0689200142477691,0.148146953032132,0.0916548562423354,0.324006918907158,NA,0.369348425639268,0.052987519375426,0.522713748127184,0.0825411413514032,0.320108353750161,0.0524614975623522,0.0775960527006986,0.115464789103295
"Virginia",0.0777543470294083,0.0335000952933973,0.754796741420126,0.103178479865366,0.39230961503347,0.119009441127523,0.0654766534793903,0.408560999202345,0.0308589046705145,0.259997284126844,0.370671310443754,0.494577504461889,0.23692685564835,0,0.505287603997709,0.104661754097446,0.719492174698384,0.471913730041052,0.296293959918245,0.226684425703785,0.388544814582925,0.260054816192848,0.559340141897579,0.178203184261584,0.437732420312216,0.598418557296117,0,0.21489612355777,0.275611680088211,0.0941073201720224,0.532189518721422,0.445477895700141,0,0.120733951023896,0.0462748261726969,0.199207618672729,0.199985872538808,0.307558300027806,0.0717765310753527,0.417102619583239,0.396704688069458,0.284671213164758,0.218589805831262,0.4083574055087,0.420987477030967,0.10304658983539,0.533706614779451,0.157077883013333,0.239256540422375,0.203174387740802,0.301428965903427,0.578581085093667,0.389697178927511,0.249753706062394,0.0402734226057884,0.0646896500957002,0.521378055037154,0.0422671607625224,0.320336097692229,0.630651574360732,NA,0.0697161862415291,0.487319338471151,0.0473901265710547,0.361067813709527,0.0765660004538706,0.0966881704057649,0.145734941729568
"Weber St",0.535343581199223,0.433193194658188,0.948622375335623,0.697069437257475,0.890398803899703,0.874199696662355,0.540137432558432,0.932809673115728,0.448164024496734,0.861156352911448,0.911973116943948,0.935418264418232,0.892835122797886,0.600158706617182,0.98509252734155,0.583770768047311,0.936754511578922,0.916216991468896,0.917558644846792,0.911184102738162,0.894464393423597,0.745222029787482,0.91393840265044,0.888231906230031,0.869774650223547,0.947201380071187,0.843437084000227,0.895883329795998,0.924121793045974,0.7767289764041,0.969573626559349,0.945655664844689,0.523064049609377,0.696546908800456,0.843762908614292,0.912328691118645,0.89091615954835,0.911342893662433,0.790350291667747,0.927507741717699,0.917171793444398,0.933023116087114,0.819272884761342,0.921570005034206,0.908089915283195,0.870052291201183,0.955253365979595,0.805875930690461,0.888112108926773,0.847050793406984,0.934840983040665,0.969923567127422,0.914039903291374,0.850841456239485,0.772622935294104,0.356376277988696,0.928610889538773,0.670379001519832,0.834959090560855,0.947012480624574,0.930283813758471,NA,0.962542240703178,0.513331866646272,0.962734224857729,0.578850183852145,0.530671828909638,0.924221119976646
"Wichita St",0.0445633981072054,0.0370023668161565,0.649512173273578,0.110471245386989,0.278199462412353,0.150134889610477,0.0537948317507749,0.466532499491335,0.0663782260210092,0.103279110235962,0.301905861863058,0.448594177457562,0.104571273504952,0,0.450943938176473,0.110152342932322,0.637582613095818,0.358390871798393,0.133569675470394,0.145397890923451,0.357437042412919,0.272506883217785,0.434605916383039,0.121817659172197,0.417948623528687,0.573126222455982,0.064113091071043,0.249122627866133,0.225709340963484,0.0956593506364157,0.504865504264334,0.467705566833523,0.0275497759091258,0.102861470811817,0.0519204704385519,0.0828360669612524,0.089531033347501,0.409148596780348,0.0738739020514205,0.464790691957566,0.407872006704988,0.393357640547509,0.18535747377155,0.344781438631381,0.281914277071935,0.104374231607519,0.493207450088624,0.0932058820805971,0.142418638817957,0.0670766812721562,0.357851253602736,0.490031657102672,0.314261316385942,0.123616772394227,0.0822582484691499,0.0640319545647927,0.372888514418798,0.087355010846961,0.370288466870557,0.477286251872816,0.512680661528849,0.0374577592968225,NA,0.0281582447951881,0.380037431572563,0.0227883229962857,0.0800582128708869,0.157251325168869
"WI Milwaukee",0.469814838898002,0.41564422378966,0.971310101474005,0.867385365381454,0.895877239447311,0.855007140714372,0.369748593383635,0.931478569583772,0.465847126920946,0.873356753959793,0.882489099847144,0.942549875123617,0.83566713890264,0.713079789594583,0.948003200143532,0.599552528477534,0.925727780640742,0.875827171039798,0.871832898572281,0.854179087706634,0.865251148750058,0.945718125522673,0.918226990611683,0.851888341430871,0.864019765190344,0.991817922930153,0.775438708651095,0.87702336574542,0.879701781144812,0.695035432836363,0.889106759577033,0.90421175074774,0.431373997323255,0.517690055264038,0.824748989395357,0.854034346702968,0.842491899294012,0.954094456799574,0.784711047982194,0.887790381884623,0.913299131286398,0.901922729913573,0.960151342158367,0.884781680916156,0.926660817066645,0.822720253361835,1,0.775745956038265,0.846712337689566,0.832015586443943,0.900398336151148,0.941591757039415,0.905722617706236,0.865710613721348,0.697535841171862,0.147064469107289,0.975495754803763,0.463788030589255,0.947694763171468,0.917458858648597,0.952609873428945,0.486668133353728,0.971841755204812,NA,0.949928005184832,0.594123207819693,0.391833327528808,0.917759471526967
"Wisconsin",0.0434057871744118,0.0151011868681502,0.763294137456547,0.114022953681169,0.156074831984542,0.0920804630229571,0.0954552930513118,0.470234401739343,0.0144522374029257,0.114192156993813,0.356787201373697,0.567536366948307,0.0798434845310976,0,0.569056970628111,0.131129461698741,0.68288665903696,0.459480037654212,0.183770002144664,0.131623546883411,0.298729560978907,0.378197724785928,0.537797960374265,0.10074624629336,0.370846669896546,0.62805995419929,0.076084828317932,0.220289762536913,0.219680385026961,0.0647448384351805,0.559134721258514,0.555949343851966,0.0691940684562991,0.118723792485241,0.0981879575336742,0.0805789433029015,0.112002278746906,0.317000137188793,0.0462236949805528,0.420149055689371,0.511298117351821,0.476090926577601,0.307736634681062,0.428098720283219,0.325763098499375,0.0927263167363895,0.489467967929219,0.140150159345564,0.125243841123091,0.0613584944871492,0.335379267702286,0.595008863626239,0.376234573339102,0.148281652242116,0.106219111883716,0.0532684438440918,0.47923217687964,0.059970482256555,0.489470380718306,0.679891646249839,0.638932186290473,0.0372657751422706,0.619962568427437,0.0500719948151679,NA,0.0492729433125736,0.0989649789367626,0.151922562160754
"W Michigan",0.186595941494426,0.4795425536129,0.968729320544675,0.795391952591036,0.827782515465845,0.832179840595025,0.25525566966049,0.98105264441057,0.128043255395453,0.789939757900816,0.891019006546022,0.906486398521115,0.732570916399167,0.509175345941852,0.948982187927549,0.560545165911045,0.975099852438299,0.885985095732445,0.797101219202759,0.882605840112825,0.903378947189128,0.919938299332211,0.898924108101761,0.79759159812957,0.848161767616854,0.931459495905955,0.516247167511764,0.835203634717613,0.825630079295099,0.494761714119938,0.899710435189543,0.93009134509104,0.136383619435357,0.624102201216433,0.67863718833663,0.659947873611641,0.847542682830393,0.873507975873683,0.441447428156318,0.879930518586157,0.961652676385039,0.937052443143445,0.891697512028494,0.919088020030934,0.864094435868365,0.78130498132861,0.953584647056694,0.637576856284157,0.861208901655285,0.720070212310316,0.878696810069528,0.947888333339561,0.871914163302367,0.783207081767715,0.580172804333726,0.093684755554672,0.913832074918352,0.581981150918064,0.927902033872775,0.947538502437648,0.923433999546129,0.421149816147855,0.977211677003714,0.405876792180307,0.950727056687426,NA,0.424277461991133,0.745181731484866
"Wofford",0.465568716394615,0.464723901500033,0.924995075129268,0.713001885670497,0.848480023173217,0.831581961530562,0.451845309670208,0.900826883051167,0.337848935224865,0.827026217107259,0.879173808198738,0.884531719887558,0.849429412420618,0.507574196019719,0.903175848025253,0.605093987471476,0.909824765174285,0.875130357269196,0.879296038370392,0.856363470892647,0.849149961232017,0.805559181346918,0.875737786963837,0.863763547800634,0.843180177671962,0.945602509107276,0.791412414193143,0.843188290655912,0.883987145992769,0.732976051742736,0.886004964538352,0.907988845535683,0.414817011920232,0.690028940817259,0.793233218500375,0.824260320702903,0.860546010302617,0.850793527896893,0.721125410403708,0.854638862103363,0.874597200256925,0.899178170942382,0.856716835221014,0.878287903975783,0.872701603455712,0.826097130651505,0.906717871073541,0.778356348937879,0.862157793614878,0.819404793318063,0.900927551743553,0.901715761029319,0.875735067921826,0.809975611920546,0.778080535530607,0.409248194392009,0.90280362391013,0.690454160087242,0.898405510981434,0.922403947299301,0.903311829594235,0.469328171090362,0.919941787129113,0.608166672471192,0.901035021063237,0.575722538008867,NA,0.892370380463621
"Xavier",0.0827654564596222,0.0900698183652636,0.926765418209705,0.369347821263287,0.593329054272373,0.483286546827657,0.17346083693886,0.653690412492111,0.0995979043826417,0.444727154816267,0.649101925800532,0.840064600745273,0.395192243822365,0.250505691084808,0.913154788924869,0.236120528520843,0.922650027807732,0.53765409465851,0.532825564550062,0.585869647551122,0.520410951023378,0.576571201022538,0.860426092210546,0.502228702526302,0.590632789841783,0.885172680727749,0.47628627223957,0.527262668795026,0.618762828735251,0.34064932511161,0.812809296346995,0.756022682100395,0.0573748714981023,0.360687023095779,0.454030842879406,0.443012146233985,0.501530620607933,0.613031423803131,0.453858727629119,0.652621528210537,0.734016554106027,0.666419317478254,0.534946524655706,0.66374780745223,0.562793026629927,0.45008882453375,0.685459718003899,0.478355535606862,0.508291539041757,0.404254402070027,0.648941558783077,0.787118089452932,0.477182392375504,0.549579093770375,0.361474501457395,0.0820929122403421,0.689841112015849,0.230830298359539,0.565305654499302,0.884535210896705,0.854265058270432,0.0757788800233538,0.842748674831131,0.0822405284730333,0.848077437839246,0.254818268515134,0.107629619536379,NA
