"id","pred"
"S_507_509",0.451309035688738
"S_507_511",0.0359427618880198
"S_509_511",0.033678278406958
"S_509_512",0.0105654649598191
"S_511_512",0.907142118778723
"S_507_512",0.0514229226172592
"S_511_521",0.902428887431011
"S_507_521",0.0528807945512708
"S_509_521",0.0618171633752689
"S_512_521",0.171494092442216
"S_509_536",0.0321442456589631
"S_507_536",0.0285923228289379
"S_512_536",0.541945457165692
"S_521_536",0.549968977278481
"S_511_536",0.851443112220148
"S_509_538",0.575137711009701
"S_512_538",0.883455042991228
"S_521_538",0.864849817958923
"S_507_538",0.550955877390674
"S_536_538",0.861279748860618
"S_511_538",0.927244121730543
"S_521_549",0.428699178284174
"S_507_549",0.043324551595561
"S_509_549",0.0452635153142186
"S_512_549",0.288973350888128
"S_511_549",0.793931165529146
"S_538_549",0.0542093877700014
"S_536_549",0.384632068925069
"S_507_553",0.462883530966982
"S_509_553",0.52224417223075
"S_521_553",0.869874714584315
"S_511_553",0.933889562729195
"S_538_553",0.533439630214765
"S_512_553",0.828053783261513
"S_549_553",0.947532932346057
"S_536_553",0.918333386939927
"S_521_556",0.516978387541225
"S_507_556",0.0729967349481807
"S_509_556",0.0820066977345512
"S_549_556",0.651832226495981
"S_511_556",0.962113108953173
"S_553_556",0.0885659245571415
"S_512_556",0.27019408547114
"S_538_556",0.126521775138484
"S_536_556",0.529318487390912
"S_549_559",0.647339344590441
"S_511_559",0.864288762845045
"S_507_559",0.0480037692792259
"S_538_559",0.0486422746812254
"S_556_559",0.349851086787238
"S_553_559",0.0625971297198569
"S_509_559",0.0135341369233518
"S_536_559",0.420460781557049
"S_512_559",0.410485659134457
"S_521_559",0.488480573290832
"S_549_562",0.415894340451337
"S_507_562",0.0760406523517331
"S_509_562",0.0182633736190362
"S_536_562",0.162511634377572
"S_521_562",0.273393938273703
"S_553_562",0.0540656715914577
"S_556_562",0.225713430013246
"S_538_562",0.0707328479509603
"S_511_562",0.690914112688836
"S_512_562",0.0919773225981403
"S_559_562",0.34985942121097
"S_507_569",0.0721725857222788
"S_562_569",0.823198600469684
"S_553_569",0.0810166317688851
"S_538_569",0.127724101177624
"S_509_569",0.0629432766143797
"S_549_569",0.692542682195559
"S_556_569",0.501729332947154
"S_521_569",0.53981458767399
"S_559_569",0.601292615786923
"S_536_569",0.499408711532259
"S_511_569",0.902233754229719
"S_512_569",0.333887938182152
"S_521_570",0.782017173837291
"S_553_570",0.0783251532360229
"S_562_570",0.824732882639503
"S_549_570",0.864403246189456
"S_569_570",0.63873415132935
"S_507_570",0.0634929030914658
"S_509_570",0.310593366543158
"S_538_570",0.034835006071252
"S_559_570",0.782892338759124
"S_512_570",0.787436498502086
"S_511_570",0.902012141057899
"S_556_570",0.655837524126256
"S_536_570",0.708757059795297
"S_569_577",0.100272057273693
"S_507_577",0.0442764747595144
"S_553_577",0.0291711952224436
"S_556_577",0.249574721661742
"S_538_577",0.0687025565533684
"S_521_577",0.259769930366462
"S_536_577",0.175628879523388
"S_562_577",0.439890744897641
"S_559_577",0.322683728274687
"S_511_577",0.70640080692129
"S_509_577",1e-05
"S_570_577",0.0424538734974768
"S_549_577",0.430382598173666
"S_512_577",0.222256711610823
"S_521_580",0.80398145948592
"S_538_580",0.143831335394438
"S_569_580",0.756740450424631
"S_562_580",0.868119240743053
"S_536_580",0.762278777620547
"S_559_580",0.794266131800129
"S_553_580",0.307469626148398
"S_507_580",0.279144930541374
"S_570_580",0.343632239351369
"S_511_580",0.862378703116854
"S_512_580",0.672410439491864
"S_549_580",0.858622693911379
"S_509_580",0.556897820849457
"S_556_580",0.767337719270604
"S_577_580",0.870948893312542
"S_538_592",0.0475520964137344
"S_553_592",0.0619819367514842
"S_569_592",0.0839300559954551
"S_509_592",0.0303124849725034
"S_521_592",0.0862249967423063
"S_559_592",0.103697768000766
"S_562_592",0.414092875942767
"S_549_592",0.211523005726093
"S_570_592",1e-05
"S_511_592",0.465123078917019
"S_507_592",0.0504940126461048
"S_577_592",0.491964769458404
"S_536_592",0.0788607459203243
"S_580_592",0.0947342847032618
"S_556_592",0.0654932104671037
"S_512_592",1e-05
"S_569_599",0.437849812705365
"S_507_599",0.0419376217690659
"S_559_599",0.55942113416203
"S_511_599",0.888818248131595
"S_562_599",0.831616853881027
"S_553_599",0.0786678338565186
"S_521_599",0.500761765463637
"S_592_599",0.860977287326583
"S_509_599",0.0519938733203661
"S_577_599",0.82857359750314
"S_538_599",0.097112673355425
"S_570_599",0.356256854187322
"S_536_599",0.478874814668987
"S_549_599",0.638480752895902
"S_512_599",0.502056784101845
"S_556_599",0.402595743933369
"S_580_599",0.109399005543854
"S_559_607",0.533498029027896
"S_521_607",0.447975967251723
"S_569_607",0.350228181054716
"S_592_607",0.84110212997726
"S_507_607",0.0693737412792928
"S_562_607",0.748839559511421
"S_553_607",0.086031211787649
"S_538_607",0.0637162867973934
"S_509_607",0.0354556716980081
"S_577_607",0.758836956717917
"S_599_607",0.412344259690893
"S_556_607",0.358126972387547
"S_570_607",0.114465127044115
"S_511_607",0.878742974914701
"S_549_607",0.689590529738719
"S_536_607",0.418081958940605
"S_512_607",0.354923948680942
"S_580_607",0.104463875406529
"S_521_612",0.571062276041453
"S_553_612",0.0484742980841776
"S_562_612",0.795384634101752
"S_538_612",0.0737632100606425
"S_507_612",0.0496129435955416
"S_569_612",0.362681014449027
"S_599_612",0.468294637642738
"S_592_612",0.879219424013559
"S_511_612",0.902685714723259
"S_559_612",0.634841116821652
"S_509_612",0.0169737842571021
"S_556_612",0.406909971723727
"S_607_612",0.568095571309499
"S_577_612",0.839166053302639
"S_512_612",0.307953398758725
"S_536_612",0.426382597878011
"S_570_612",0.129783660822392
"S_549_612",0.629111841051016
"S_580_612",0.205832321534648
"S_570_628",0.204305951145214
"S_521_628",0.380750719721153
"S_553_628",0.0630544905915076
"S_599_628",0.37790531010975
"S_569_628",0.235109105391367
"S_512_628",0.33355157073486
"S_507_628",0.0352613918777722
"S_511_628",0.802386352218805
"S_538_628",0.056923264741324
"S_559_628",0.451014542036771
"S_607_628",0.49362553237111
"S_612_628",0.411744788914859
"S_577_628",0.562201042335653
"S_549_628",0.559282059926729
"S_556_628",0.299969735585385
"S_580_628",0.22591487094621
"S_592_628",0.751083169072337
"S_509_628",0.022536808299302
"S_536_628",0.354156860768339
"S_562_628",0.600439814511985
"S_507_629",0.000700509796401599
"S_569_629",0.179272128466655
"S_559_629",0.533756781689518
"S_521_629",0.502151295480072
"S_612_629",0.292198522491219
"S_599_629",0.417606579909726
"S_577_629",0.428473187995571
"S_536_629",0.313524079012418
"S_549_629",0.555751929379367
"S_570_629",0.0848183456644793
"S_511_629",0.83358732946436
"S_538_629",0.0419927473101676
"S_556_629",0.357606844199177
"S_592_629",0.736507933323308
"S_553_629",0.0476943689193063
"S_562_629",0.47717682126792
"S_628_629",0.479834299213092
"S_512_629",0.451893231801122
"S_607_629",0.531018829348632
"S_509_629",0.0116347208824498
"S_580_629",0.10795764700685
"S_507_636",0.0742139323282421
"S_612_636",0.145821437071197
"S_569_636",0.112701459113553
"S_511_636",0.721707878815673
"S_577_636",0.740568124246618
"S_549_636",0.39304333678267
"S_570_636",0.0265233365579412
"S_538_636",0.156389823699601
"S_559_636",0.22805032538041
"S_536_636",0.137279275607001
"S_599_636",0.175163205957439
"S_607_636",0.238534814743008
"S_592_636",0.698367929717039
"S_521_636",0.1683310392821
"S_556_636",0.124999669513083
"S_512_636",0.01
"S_553_636",0.0930102887683129
"S_628_636",0.357568379136414
"S_580_636",0.124084001100085
"S_629_636",0.338419827125531
"S_562_636",0.605245200754237
"S_509_636",0.0632501438677555
"S_570_637",0.457791557573879
"S_556_637",0.422524767633882
"S_612_637",0.568777182150233
"S_511_637",0.907121485272008
"S_577_637",0.832936933585592
"S_549_637",0.611606499534861
"S_507_637",0.0656691392695714
"S_636_637",0.817710397012416
"S_599_637",0.574198194536551
"S_559_637",0.618925756388989
"S_580_637",0.254697134148632
"S_512_637",0.557328244143856
"S_607_637",0.511832486068296
"S_628_637",0.590077947276496
"S_629_637",0.746760238608066
"S_553_637",0.0796661376379452
"S_538_637",0.119241385856442
"S_569_637",0.418065424335836
"S_536_637",0.511155349276979
"S_521_637",0.590268636850214
"S_509_637",0.0405518713927257
"S_592_637",0.887763464094067
"S_562_637",0.81860264465013
"S_612_640",0.486215885023956
"S_556_640",0.351334343653003
"S_512_640",0.187187532619757
"S_570_640",0.0703651717432126
"S_577_640",0.650366921325463
"S_580_640",0.106928468372147
"S_553_640",0.0796343391622221
"S_629_640",0.5030491853394
"S_549_640",0.637247609486928
"S_536_640",0.500823656303017
"S_562_640",0.658260672294951
"S_538_640",0.1516396929188
"S_628_640",0.603159917262192
"S_592_640",0.818210385254113
"S_521_640",0.469528541668259
"S_569_640",0.278961450392291
"S_637_640",0.356939300782219
"S_599_640",0.432608297402152
"S_507_640",0.0628886451505583
"S_607_640",0.520252552187833
"S_636_640",0.670437844924549
"S_511_640",0.886129470739331
"S_559_640",0.50970124635875
"S_509_640",0.0430085461496973
"S_512_651",0.221769316426734
"S_570_651",0.119412084855209
"S_577_651",0.365915689403433
"S_612_651",0.223270641238443
"S_556_651",0.197324628001403
"S_538_651",0.0249822600014086
"S_628_651",0.238873091057862
"S_549_651",0.223928009797258
"S_580_651",0.0483783164310273
"S_569_651",0.153692652961978
"S_636_651",0.446874872009704
"S_536_651",0.218636945113088
"S_553_651",0.0497291975792052
"S_607_651",0.189816062651738
"S_640_651",0.242352731151805
"S_562_651",0.414747158095971
"S_509_651",0.0150160660819095
"S_599_651",0.229654835210396
"S_637_651",0.201320656253861
"S_592_651",0.479240576963714
"S_521_651",0.214708200993109
"S_559_651",0.196461897022975
"S_629_651",0.281377062253726
"S_511_651",0.540151469679989
"S_507_651",0.020986583384136
"S_577_658",0.857998774720863
"S_556_658",0.56924924212772
"S_612_658",0.52783761437419
"S_536_658",0.658978691463055
"S_549_658",0.84561311102734
"S_580_658",0.484356971178534
"S_512_658",0.739002451115052
"S_538_658",0.086413703838705
"S_569_658",0.591264517431161
"S_628_658",0.840478390164921
"S_521_658",0.692689001403596
"S_599_658",0.589787674861013
"S_592_658",0.916630812728353
"S_562_658",0.825021340437475
"S_509_658",0.323606197200753
"S_629_658",0.873082124925547
"S_640_658",0.774628942676498
"S_507_658",0.0155501723484235
"S_607_658",0.77678483877552
"S_511_658",0.919811302772622
"S_636_658",0.807659341208583
"S_553_658",0.0506574926334012
"S_651_658",0.918428599648515
"S_570_658",0.409763649936605
"S_559_658",0.762382943470565
"S_637_658",0.579358381974194
"S_556_663",0.475177520750948
"S_512_663",0.526286493841104
"S_628_663",0.519763294146885
"S_580_663",0.166583815749669
"S_549_663",0.586534450759571
"S_562_663",0.808502976351317
"S_629_663",0.646733303406474
"S_509_663",0.0634630898588878
"S_569_663",0.515909050626178
"S_536_663",0.560542655984452
"S_612_663",0.535982338167995
"S_599_663",0.567837822909909
"S_577_663",0.759330938589219
"S_592_663",0.831741310019685
"S_507_663",0.0203773726170615
"S_607_663",0.444081036559097
"S_636_663",0.779048090154869
"S_658_663",0.34622774592877
"S_651_663",0.885118382404734
"S_570_663",0.203642616668306
"S_538_663",0.091213208433739
"S_511_663",0.89979497211382
"S_553_663",0.0713293192283019
"S_637_663",0.541728762716488
"S_559_663",0.574655634267429
"S_521_663",0.540089820880442
"S_640_663",0.475289329700333
"S_569_666",0.361535358842029
"S_562_666",0.793562358316881
"S_549_666",0.627176000343748
"S_607_666",0.475395256628372
"S_629_666",0.730708012078769
"S_580_666",0.172386325933971
"S_636_666",0.761034842803497
"S_511_666",0.92128353444399
"S_556_666",0.338328654224344
"S_509_666",0.0150890402900634
"S_612_666",0.433029648313901
"S_512_666",0.440540877829584
"S_628_666",0.458797248333707
"S_521_666",0.481703885000364
"S_592_666",0.852302383263946
"S_507_666",0.0336376256880759
"S_651_666",0.894352680479694
"S_577_666",0.802714490106254
"S_663_666",0.476841138194436
"S_536_666",0.464060313205845
"S_559_666",0.562630105782289
"S_599_666",0.449673632468017
"S_553_666",0.0571927637504507
"S_570_666",0.261557869859988
"S_637_666",0.4074810716567
"S_640_666",0.482066083625431
"S_538_666",0.0862572101689077
"S_658_666",0.421627843267172
"S_569_667",0.537551088725145
"S_612_667",0.66170568440639
"S_562_667",0.850439118009423
"S_511_667",0.890665594139045
"S_607_667",0.78994527111506
"S_507_667",0.068275242982562
"S_556_667",0.654216596749915
"S_509_667",0.366594645332646
"S_636_667",0.850892199702453
"S_666_667",0.745832530801235
"S_663_667",0.741854565658169
"S_629_667",0.849522472905883
"S_512_667",0.711500266640942
"S_521_667",0.74733086906784
"S_536_667",0.693600162394046
"S_580_667",0.39543015638115
"S_592_667",0.880145183791482
"S_599_667",0.661395174502999
"S_553_667",0.093935919451983
"S_559_667",0.781098078677212
"S_628_667",0.833437207543331
"S_570_667",0.400003840126121
"S_651_667",0.908038182044765
"S_538_667",0.137955850374249
"S_577_667",0.86084173164191
"S_549_667",0.842968836177295
"S_640_667",0.776503853864038
"S_637_667",0.651738332636885
"S_658_667",0.575257607409391
"S_562_670",0.505069960866074
"S_553_670",0.0033489423345014
"S_667_670",0.0758104299137404
"S_509_670",0.0113907246057182
"S_580_670",0.133715604914175
"S_607_670",0.45285570087636
"S_629_670",0.211056866051998
"S_569_670",0.164255493813326
"S_637_670",0.108378552094065
"S_592_670",0.754432936168499
"S_507_670",0.0632869028399174
"S_663_670",0.186777257462994
"S_538_670",0.0790430472976474
"S_636_670",0.45718738050228
"S_512_670",0.132003584983002
"S_521_670",0.292642644308821
"S_612_670",0.126716164700968
"S_640_670",0.393295011407934
"S_511_670",0.681855127641169
"S_556_670",0.155504677006657
"S_666_670",0.260040921059337
"S_599_670",0.246375591261808
"S_559_670",0.426244808592476
"S_577_670",0.510889131319224
"S_549_670",0.448130263877939
"S_658_670",0.0411142923442025
"S_651_670",0.648421325222902
"S_570_670",1e-05
"S_628_670",0.261076583017066
"S_536_670",0.170491178283721
"S_570_671",0.0645353256308343
"S_592_671",0.734587567354683
"S_663_671",0.33131864926737
"S_562_671",0.596757134079197
"S_538_671",0.05358349421486
"S_637_671",0.300081631629592
"S_667_671",0.144340626583202
"S_553_671",0.0741720742023145
"S_607_671",0.420869087392875
"S_509_671",0.0379119437100932
"S_569_671",0.214610771124329
"S_580_671",0.095735825813939
"S_512_671",0.398873410551803
"S_629_671",0.464696248654714
"S_640_671",0.36687292346338
"S_636_671",0.57795283868221
"S_536_671",0.281932385143075
"S_666_671",0.321576219999385
"S_651_671",0.66355384005461
"S_559_671",0.415099142935089
"S_577_671",0.534871955753984
"S_556_671",0.265234219275525
"S_507_671",0.0455690489333064
"S_521_671",0.401696487297444
"S_612_671",0.282897542012608
"S_511_671",0.798162442278323
"S_599_671",0.296777969118369
"S_628_671",0.515665906028521
"S_549_671",0.482944733147976
"S_658_671",0.218169556875735
"S_670_671",0.542510663659745
"S_592_686",0.932769513310364
"S_666_686",0.907053189577479
"S_667_686",0.839751735080013
"S_507_686",0.515299604773344
"S_663_686",0.895684368199079
"S_640_686",0.837684967230822
"S_569_686",0.890687039979456
"S_521_686",0.853038406812952
"S_570_686",0.820339319825483
"S_553_686",0.480552918545435
"S_562_686",0.913204344876429
"S_538_686",0.508741105324454
"S_607_686",0.89982460601897
"S_651_686",0.967403063015831
"S_509_686",0.631111022724928
"S_559_686",0.889540530712573
"S_636_686",0.868915054231573
"S_637_686",0.880822377292643
"S_629_686",0.900303625098525
"S_577_686",0.906335428319246
"S_511_686",0.905939975503203
"S_599_686",0.904654966953196
"S_549_686",0.913813825614143
"S_556_686",0.850685849531526
"S_512_686",0.891232277633226
"S_628_686",0.884204077674362
"S_658_686",0.866324436701651
"S_671_686",0.933751775438706
"S_580_686",0.723528255138537
"S_536_686",0.877232119196473
"S_670_686",0.900285808337337
"S_612_686",0.881787575769511
"S_666_689",0.417208709111953
"S_570_689",0.237908196187533
"S_507_689",0.0674293353247049
"S_569_689",0.618416905428223
"S_599_689",0.654180325774483
"S_538_689",0.0728393358168458
"S_640_689",0.699981327226352
"S_559_689",0.546739709183592
"S_521_689",0.643527077644766
"S_651_689",0.744419207753476
"S_509_689",0.0842463170900654
"S_553_689",1e-05
"S_562_689",0.839893856844537
"S_607_689",0.710080307646017
"S_629_689",0.589510297572939
"S_636_689",0.827533435334433
"S_663_689",0.41375401742969
"S_577_689",0.862437989707364
"S_637_689",0.456244185579438
"S_667_689",0.441651219672043
"S_628_689",0.695300354669039
"S_511_689",0.885205973642926
"S_612_689",0.544582777485876
"S_671_689",0.847015678736842
"S_556_689",0.613925003177261
"S_686_689",1e-05
"S_536_689",0.307508125684069
"S_658_689",0.257585703821696
"S_592_689",0.921041759399523
"S_549_689",0.78198745203246
"S_580_689",0.345457134965251
"S_670_689",0.830737399558825
"S_512_689",0.454409474759324
"S_507_694",0.108594629694285
"S_569_694",0.660552737419575
"S_607_694",0.790385637347148
"S_651_694",0.917262280075195
"S_666_694",0.783080498796179
"S_521_694",0.779845842123422
"S_553_694",0.195596560351988
"S_559_694",0.783434477881643
"S_562_694",0.85328804840661
"S_686_694",0.0500078730359523
"S_538_694",0.0656149177855143
"S_629_694",0.778039465235713
"S_636_694",0.855965941126594
"S_599_694",0.723258625424195
"S_549_694",0.855627201073915
"S_663_694",0.78620038586019
"S_671_694",0.835530633221451
"S_509_694",0.371132749167288
"S_667_694",0.482894421005653
"S_577_694",0.886570792353654
"S_640_694",0.821353076733554
"S_556_694",0.700242097109676
"S_637_694",0.705252259251097
"S_658_694",0.567746018648724
"S_612_694",0.736568292696315
"S_689_694",0.491025022793236
"S_512_694",0.679081868758452
"S_511_694",0.860808635617561
"S_570_694",0.263257635392815
"S_580_694",0.328979061843806
"S_670_694",0.806120809492953
"S_536_694",0.70841037082749
"S_628_694",0.796426154437214
"S_592_694",0.8835887354397
"S_562_695",0.87167405190081
"S_509_695",0.203388857574459
"S_629_695",0.82217957442188
"S_569_695",0.53667653252202
"S_607_695",0.704810007446819
"S_689_695",0.487419599428017
"S_577_695",0.882446855347138
"S_599_695",0.585802029186158
"S_612_695",0.471926697620993
"S_538_695",0.0549034469414892
"S_521_695",0.693345714087221
"S_694_695",0.470211992352634
"S_666_695",0.586912835862075
"S_536_695",0.488692795139185
"S_670_695",0.832649552320778
"S_553_695",0.05043016022494
"S_556_695",0.622652910668467
"S_507_695",0.0501771621224755
"S_663_695",0.581845026522877
"S_671_695",0.830794365252469
"S_651_695",0.906881235637788
"S_686_695",0.0730936452226659
"S_637_695",0.559912802949199
"S_559_695",0.705488856591134
"S_511_695",0.915218609639036
"S_640_695",0.73680427922672
"S_636_695",0.869771307658891
"S_580_695",0.496601085261519
"S_512_695",0.632983153971052
"S_628_695",0.742134078199679
"S_549_695",0.772833829840238
"S_667_695",0.44634467536887
"S_592_695",0.88411250515712
"S_570_695",0.405774093489891
"S_658_695",0.47393683382932
"S_686_698",0.0864230635904428
"S_607_698",0.520567339010315
"S_562_698",0.795322001962357
"S_509_698",0.0300568834870589
"S_694_698",0.408884357450926
"S_651_698",0.902362558256702
"S_612_698",0.435271665000175
"S_671_698",0.798014877024209
"S_549_698",0.651362086165361
"S_628_698",0.614602260477447
"S_556_698",0.438672604126912
"S_695_698",0.404728638204063
"S_512_698",0.482275226984015
"S_577_698",0.808238301207526
"S_580_698",0.26443138820782
"S_637_698",0.455040969497381
"S_599_698",0.497170600892398
"S_666_698",0.573280553507358
"S_511_698",0.901219030808563
"S_536_698",0.434295983768958
"S_689_698",0.38253537257097
"S_658_698",0.462172705390491
"S_592_698",0.911106907062439
"S_663_698",0.522323574705866
"S_538_698",0.071177064658269
"S_521_698",0.578062336672083
"S_553_698",0.045133715911178
"S_640_698",0.591831136656913
"S_667_698",0.421164894294684
"S_670_698",0.801097088445504
"S_570_698",0.4465984927573
"S_629_698",0.720277880261279
"S_507_698",0.0472532199509654
"S_569_698",0.433430617994259
"S_559_698",0.619022463243214
"S_636_698",0.824343124525477
"S_607_701",0.504208422546493
"S_580_701",0.104643381715999
"S_509_701",0.0538097176678536
"S_628_701",0.547483749520656
"S_577_701",0.796345232883227
"S_612_701",0.456823302676604
"S_536_701",0.465062086861489
"S_549_701",0.648050913064145
"S_658_701",0.292893588144114
"S_694_701",0.144569182077717
"S_556_701",0.395287528157258
"S_686_701",0.0511429414022991
"S_689_701",0.397882615319369
"S_698_701",0.47125055653746
"S_562_701",0.748331459515518
"S_670_701",0.70837469925453
"S_651_701",0.852331424041377
"S_512_701",0.391110887673367
"S_507_701",0.0554668542566668
"S_637_701",0.45335397444812
"S_667_701",0.122033866033179
"S_629_701",0.615646772201482
"S_695_701",0.233407221639869
"S_521_701",0.525036295853278
"S_592_701",0.852787335354904
"S_559_701",0.525235678954462
"S_570_701",0.0554189936339212
"S_599_701",0.423645962503835
"S_671_701",0.637555953275973
"S_569_701",0.402173869367665
"S_553_701",0.0841948546276906
"S_640_701",0.500546088612754
"S_663_701",0.407686356141822
"S_538_701",0.0870985129603882
"S_636_701",0.787248169203329
"S_666_701",0.487168637863731
"S_511_701",0.886779347751124
"S_549_702",0.867723464711017
"S_556_702",0.586897985668378
"S_701_702",0.716151440931615
"S_686_702",0.0696959129435189
"S_637_702",0.605476177969431
"S_612_702",0.591643917599776
"S_629_702",0.867353833006732
"S_658_702",0.598481330857745
"S_580_702",0.374790228693389
"S_536_702",0.651077875835541
"S_689_702",0.615426940358418
"S_512_702",0.600115061587417
"S_607_702",0.73318005306834
"S_562_702",0.895161642296944
"S_667_702",0.459584489483855
"S_570_702",0.455942335905332
"S_698_702",0.62024640441738
"S_663_702",0.637294525015005
"S_592_702",0.925950985048329
"S_670_702",0.913262769737646
"S_507_702",0.0635568622313966
"S_509_702",0.381597900124089
"S_628_702",0.84710504699479
"S_569_702",0.604769913325061
"S_577_702",0.960710225820613
"S_666_702",0.610544341693892
"S_521_702",0.724828562727792
"S_651_702",0.913496456973873
"S_553_702",0.099236964452951
"S_599_702",0.588528763637306
"S_538_702",0.148138603831399
"S_559_702",0.744408731116723
"S_511_702",0.930549112879523
"S_671_702",0.853557210973135
"S_695_702",0.625505415783937
"S_694_702",0.433242549687194
"S_640_702",0.815139948578641
"S_636_702",0.870629607970175
"S_701_708",0.35769357626889
"S_536_708",0.451143241105064
"S_612_708",0.421831273067046
"S_570_708",0.0858328495142732
"S_658_708",0.19734652924011
"S_509_708",0.0260742895438802
"S_549_708",0.565980839354843
"S_556_708",0.356233466142961
"S_512_708",0.407879497155333
"S_698_708",0.41470031310899
"S_702_708",0.0769963232191899
"S_580_708",0.101183081722086
"S_507_708",0.0255502303360768
"S_695_708",0.206492581001861
"S_670_708",0.614101517457484
"S_562_708",0.681820492344598
"S_689_708",0.319125263810574
"S_592_708",0.749713063331517
"S_569_708",0.380970347423969
"S_666_708",0.43367461538362
"S_629_708",0.526399168183026
"S_667_708",0.0850246897604702
"S_651_708",0.783126080381459
"S_694_708",0.0760397387811845
"S_538_708",0.125108644520808
"S_637_708",0.409210605349968
"S_577_708",0.634744228839488
"S_521_708",0.393020099380213
"S_686_708",0.0495126443324699
"S_640_708",0.402477043923489
"S_511_708",0.817357557987838
"S_636_708",0.693077080527311
"S_553_708",0.0652393336596281
"S_599_708",0.383764360760034
"S_663_708",0.391715142328632
"S_559_708",0.405125667429022
"S_607_708",0.396586042110179
"S_628_708",0.532535416140077
"S_671_708",0.499235705377469
"S_612_720",0.384789390487869
"S_556_720",0.300145998239214
"S_549_720",0.510909053431961
"S_701_720",0.37659840764777
"S_689_720",0.218647192330572
"S_536_720",0.285593082559599
"S_658_720",0.23033633432658
"S_702_720",0.0911140201901655
"S_708_720",0.403648356001976
"S_629_720",0.524068833847868
"S_670_720",0.578932320230723
"S_569_720",0.252225639535932
"S_637_720",0.307309651955797
"S_667_720",0.0929305907621455
"S_698_720",0.309973555794226
"S_592_720",0.786014184206794
"S_553_720",0.0416416675288665
"S_666_720",0.420441632494608
"S_512_720",0.415582190114974
"S_507_720",0.0469189822760106
"S_521_720",0.416367488307597
"S_663_720",0.361817204932209
"S_640_720",0.37687776540241
"S_570_720",0.166625992396332
"S_580_720",0.0879564848938318
"S_695_720",0.209924404225619
"S_694_720",0.082342762064227
"S_577_720",0.561477691261331
"S_511_720",0.837593606928133
"S_607_720",0.367679168004694
"S_538_720",0.0670312521762918
"S_562_720",0.59853644815721
"S_628_720",0.50635930650136
"S_651_720",0.74259985280678
"S_509_720",1e-05
"S_686_720",0.0538545947343192
"S_559_720",0.433527175364624
"S_599_720",0.279025587781875
"S_671_720",0.536537135478623
"S_636_720",0.606156838538288
"S_599_721",0.428570293166858
"S_702_721",0.0769790532014009
"S_612_721",0.425884928606927
"S_689_721",0.219297098254086
"S_549_721",0.56944995126868
"S_536_721",0.440905546730675
"S_512_721",0.462600123663354
"S_658_721",0.189511214056913
"S_640_721",0.484238646373543
"S_701_721",0.388073441300704
"S_695_721",0.177500914546911
"S_592_721",0.798687897999935
"S_694_721",0.0872802701780717
"S_559_721",0.536100474161482
"S_580_721",0.108872483145564
"S_570_721",0.0972824921459893
"S_698_721",0.439651117802795
"S_556_721",0.392670487842669
"S_670_721",0.49174004327284
"S_667_721",0.0772546856204465
"S_629_721",0.499610935306944
"S_637_721",0.436434280255517
"S_708_721",0.533469518431828
"S_509_721",0.0154469788817036
"S_521_721",0.465860399115297
"S_569_721",0.393902470678899
"S_666_721",0.456509642082033
"S_651_721",0.819642979361847
"S_607_721",0.518368674431772
"S_507_721",0.0167992858160376
"S_663_721",0.380265348885228
"S_686_721",0.0661479300134141
"S_562_721",0.62031571707974
"S_577_721",0.590493539053449
"S_553_721",0.0489401256625973
"S_636_721",0.684907562122905
"S_538_721",0.0583356188165676
"S_720_721",0.454825090596568
"S_511_721",0.841130501941925
"S_628_721",0.57178934481475
"S_671_721",0.489370403484955
"S_694_722",0.198542262222631
"S_536_722",0.289601810510539
"S_549_722",0.639214471597375
"S_569_722",0.223348605404889
"S_629_722",0.5273730241695
"S_658_722",0.249273671669978
"S_702_722",0.241823098533638
"S_512_722",0.368429606318584
"S_577_722",0.591485628773215
"S_559_722",0.495109890647705
"S_689_722",0.251768435498281
"S_721_722",0.558493027953873
"S_553_722",0.0773306529928
"S_666_722",0.412801077101771
"S_695_722",0.269989810294986
"S_720_722",0.627292805582831
"S_670_722",0.554937407961394
"S_701_722",0.425059484349804
"S_556_722",0.243068518850103
"S_612_722",0.368539918147124
"S_507_722",0.0350782110639711
"S_538_722",0.0321540465081324
"S_637_722",0.283406479572915
"S_570_722",0.275120615660407
"S_698_722",0.230135173180071
"S_592_722",0.83567716781186
"S_511_722",0.849523612899273
"S_640_722",0.407561647097031
"S_607_722",0.462678534879102
"S_663_722",0.419995912187395
"S_708_722",0.607741325674321
"S_667_722",0.205847113352898
"S_628_722",0.531974092376018
"S_521_722",0.475365876926056
"S_509_722",1e-05
"S_636_722",0.613351993182703
"S_599_722",0.359673368206136
"S_562_722",0.56705364899798
"S_651_722",0.774166040116812
"S_686_722",0.0354843818542328
"S_580_722",0.202035788269332
"S_671_722",0.643655180416565
"S_577_725",0.611288146701791
"S_666_725",0.464631525569108
"S_569_725",0.418137807440241
"S_689_725",0.35754710243805
"S_694_725",0.096443716660913
"S_592_725",0.85467754330139
"S_658_725",0.313525547661409
"S_538_725",0.0877210954384378
"S_559_725",0.510645102520202
"S_701_725",0.408435500475261
"S_629_725",0.544805406217305
"S_607_725",0.495938497115728
"S_511_725",0.88415860184155
"S_722_725",0.554100149547984
"S_702_725",0.163055781099386
"S_670_725",0.590460048414771
"S_536_725",0.402901452384063
"S_556_725",0.398159235342504
"S_612_725",0.447922870695537
"S_698_725",0.505046281203725
"S_651_725",0.827429917964809
"S_663_725",0.410717633764834
"S_667_725",0.1737066238721
"S_570_725",0.16355423683273
"S_720_725",0.515438143916011
"S_640_725",0.410107359101397
"S_512_725",0.439609459222087
"S_599_725",0.423641455035516
"S_509_725",0.003732470734771
"S_637_725",0.45440498579467
"S_708_725",0.5313789641181
"S_507_725",0.0452561332208566
"S_721_725",0.596635580611196
"S_553_725",0.0548684361445419
"S_521_725",0.440267442158211
"S_580_725",0.120158068571411
"S_686_725",0.0689881534828744
"S_695_725",0.297001230004023
"S_628_725",0.531346815782772
"S_636_725",0.707573513684213
"S_549_725",0.628536701578592
"S_671_725",0.576078711121507
"S_562_725",0.681559514794327
"S_577_731",0.675069875774635
"S_559_731",0.522721518188147
"S_702_731",0.213035999173293
"S_607_731",0.515489875378958
"S_569_731",0.373051966196956
"S_612_731",0.4413574193745
"S_636_731",0.720753650761038
"S_698_731",0.42079086678839
"S_689_731",0.281810200412923
"S_666_731",0.442458876839964
"S_511_731",0.886362118175492
"S_658_731",0.16678165332362
"S_694_731",0.244574908737801
"S_720_731",0.525486042767478
"S_556_731",0.371888701283348
"S_640_731",0.39629079051619
"S_570_731",0.0643216134531295
"S_695_731",0.264150350564439
"S_562_731",0.705053834659848
"S_512_731",0.186113845654791
"S_670_731",0.580547782774525
"S_592_731",0.864476858582988
"S_507_731",0.0636835554345785
"S_538_731",0.0563522950573866
"S_628_731",0.532053493466378
"S_509_731",0.0391155609756197
"S_637_731",0.383725548286918
"S_629_731",0.390529013746344
"S_663_731",0.409955603856072
"S_667_731",0.223510314665664
"S_725_731",0.486603235028462
"S_553_731",0.0645700126455327
"S_722_731",0.307863882309255
"S_686_731",1e-05
"S_599_731",0.420224229684062
"S_651_731",0.81111139246606
"S_549_731",0.663475594343021
"S_708_731",0.557904323555091
"S_721_731",0.448186375431057
"S_521_731",0.446482762364407
"S_536_731",0.321578619744366
"S_580_731",0.237269010408423
"S_671_731",0.625579949892787
"S_701_731",0.449260887673243
"S_577_737",0.841369345445299
"S_702_737",0.445069566607958
"S_559_737",0.622630975508113
"S_562_737",0.819130900865847
"S_636_737",0.853095201505004
"S_689_737",0.39174579560259
"S_651_737",0.900173409118089
"S_698_737",0.477148556827226
"S_658_737",0.419545347922287
"S_570_737",0.401511956517952
"S_512_737",0.525309116832703
"S_511_737",0.904432053459297
"S_538_737",0.129377804243188
"S_667_737",0.41368911743574
"S_607_737",0.543768271573347
"S_637_737",0.517166767304958
"S_556_737",0.503280805783659
"S_663_737",0.561146431408227
"S_694_737",0.505942499219003
"S_722_737",0.692387744148293
"S_553_737",0.0892460424373907
"S_640_737",0.69606753774578
"S_628_737",0.669042707218825
"S_592_737",0.916738382193393
"S_629_737",0.747858914036868
"S_686_737",0.0447476870691608
"S_708_737",0.661438067329007
"S_695_737",0.393137896787088
"S_666_737",0.603512978547034
"S_721_737",0.637729423795703
"S_670_737",0.762354700010522
"S_731_737",0.656417730176274
"S_725_737",0.723756717500192
"S_521_737",0.595464252661049
"S_507_737",0.0537963046907746
"S_569_737",0.496109532362117
"S_599_737",0.567503024450836
"S_549_737",0.679217162073561
"S_509_737",0.097272701786143
"S_580_737",0.241430050289654
"S_701_737",0.596380399365684
"S_536_737",0.533165620981612
"S_720_737",0.814603407191183
"S_612_737",0.539583554723797
"S_671_737",0.807953847260917
"S_658_754",0.0891006412267466
"S_667_754",0.0835390615087652
"S_636_754",0.666855264844309
"S_562_754",0.599094164296434
"S_637_754",0.358463886409224
"S_702_754",0.0976907396779413
"S_511_754",0.80693929965477
"S_694_754",0.0790230701934476
"S_670_754",0.443060873516882
"S_509_754",0.011040309076176
"S_698_754",0.405659125985564
"S_538_754",0.0596857438957644
"S_556_754",0.337609727779118
"S_553_754",0.0398615370217199
"S_570_754",0.0356855956227398
"S_577_754",0.621807673181853
"S_663_754",0.354025689004839
"S_592_754",0.803426757949433
"S_580_754",0.054805423473602
"S_507_754",0.0284809995739454
"S_559_754",0.48661494765947
"S_708_754",0.536403112319325
"S_721_754",0.480415298722747
"S_607_754",0.525954353266445
"S_640_754",0.474875223602472
"S_651_754",0.790517440375579
"S_569_754",0.337763444754759
"S_701_754",0.458752899154897
"S_731_754",0.472990732621333
"S_599_754",0.370692020248651
"S_666_754",0.468667322684329
"S_686_754",0.0332095465961177
"S_521_754",0.434851004590694
"S_725_754",0.47192166633675
"S_722_754",0.477327591906684
"S_549_754",0.527171383618478
"S_737_754",0.336103058957915
"S_512_754",0.381476056865151
"S_536_754",0.431917319909546
"S_629_754",0.472989448835347
"S_720_754",0.492860224986652
"S_671_754",0.540751272951078
"S_628_754",0.513096153091078
"S_695_754",0.170497708467197
"S_612_754",0.372312839558396
"S_689_754",0.286211735025193
"S_577_765",0.838612213532535
"S_702_765",0.482201894368554
"S_636_765",0.864543882898024
"S_658_765",0.292746759949414
"S_698_765",0.449256670253895
"S_725_765",0.696194591694886
"S_511_765",0.87322197217785
"S_538_765",0.0507617548251308
"S_694_765",0.481323769556161
"S_562_765",0.840057456647067
"S_559_765",0.616771204178042
"S_651_765",0.809481616989
"S_640_765",0.681207375172484
"S_570_765",0.251946815568588
"S_629_765",0.622579851372467
"S_663_765",0.482092150818881
"S_708_765",0.636576364189482
"S_667_765",0.460315966034927
"S_607_765",0.686235677759248
"S_754_765",0.784042772191864
"S_670_765",0.821592246419221
"S_637_765",0.451092281347007
"S_509_765",0.348016152467705
"S_553_765",0.0141709794783781
"S_521_765",0.669979841777985
"S_507_765",0.063949080460427
"S_580_765",0.356402706130873
"S_731_765",0.706084157261624
"S_722_765",0.513818743435709
"S_666_765",0.477847423567192
"S_695_765",0.316232626481013
"S_549_765",0.797030564737589
"S_512_765",0.437734079506208
"S_612_765",0.448135322773349
"S_599_765",0.552332591907077
"S_569_765",0.521410855048245
"S_556_765",0.546782281048506
"S_592_765",0.875003062380632
"S_671_765",0.797904487232787
"S_721_765",0.58599908043296
"S_536_765",0.267327114516369
"S_628_765",0.628315563974338
"S_686_765",1e-05
"S_701_765",0.678654498014008
"S_720_765",0.737025280560485
"S_689_765",0.473151883933792
"S_737_765",0.519174611363239
"S_658_779",0.510974037318285
"S_702_779",0.448503164714693
"S_577_779",0.922009964909784
"S_559_779",0.631927392894081
"S_538_779",0.186757348942597
"S_721_779",0.76511644357906
"S_570_779",0.439083049254151
"S_694_779",0.451487109279146
"S_698_779",0.578916485764285
"S_511_779",0.942172400014713
"S_663_779",0.64719972081708
"S_607_779",0.613023695915709
"S_651_779",0.872345975119091
"S_562_779",0.838827181592425
"S_640_779",0.695708646713523
"S_725_779",0.766348059402738
"S_636_779",0.871954633026672
"S_754_779",0.694249835735238
"S_731_779",0.676877126166424
"S_708_779",0.759817512789932
"S_667_779",0.454401428279457
"S_509_779",0.10561626801083
"S_670_779",0.864140614063078
"S_666_779",0.610338418287563
"S_580_779",0.251546570132523
"S_507_779",0.0725431107883409
"S_569_779",0.51993937284772
"S_629_779",0.804942752289719
"S_695_779",0.527300791525857
"S_549_779",0.785482426859036
"S_536_779",0.521094247048498
"S_765_779",0.489427863122483
"S_553_779",0.092461028434278
"S_637_779",0.53931144203827
"S_701_779",0.589486640298243
"S_686_779",0.0887628855825324
"S_671_779",0.848539567688775
"S_612_779",0.571101867998854
"S_599_779",0.630198240928159
"S_556_779",0.552895207249602
"S_521_779",0.562171845649206
"S_592_779",0.928035273444201
"S_628_779",0.737160527679811
"S_512_779",0.496244107058828
"S_722_779",0.722604690705649
"S_689_779",0.535042598923037
"S_720_779",0.844167016819347
"S_737_779",0.534746314288167
"S_577_780",0.747437049904019
"S_702_780",0.248976196487021
"S_658_780",0.300330140446891
"S_721_780",0.561761661353756
"S_559_780",0.574688270497083
"S_694_780",0.134498736399916
"S_636_780",0.740766639392956
"S_509_780",0.0174644543080196
"S_607_780",0.54220776716705
"S_562_780",0.748446908188742
"S_698_780",0.470895913896824
"S_570_780",0.16916843683414
"S_725_780",0.524113306792923
"S_538_780",0.118788184006254
"S_731_780",0.521590393581326
"S_511_780",0.891619580159602
"S_708_780",0.533245417841139
"S_640_780",0.523161089253359
"S_754_780",0.622855051356311
"S_663_780",0.399908086517966
"S_671_780",0.617141650033376
"S_629_780",0.562672329582861
"S_666_780",0.511471114598266
"S_765_780",0.32587809140943
"S_507_780",0.0416437963556272
"S_553_780",0.063020388485263
"S_569_780",0.397850452863384
"S_549_780",0.562984972306754
"S_536_780",0.502209741243313
"S_722_780",0.493963487763302
"S_637_780",0.474838462207444
"S_667_780",0.109260942572811
"S_670_780",0.643820099444189
"S_612_780",0.510314114545905
"S_737_780",0.443618218841511
"S_695_780",0.291389266133658
"S_779_780",0.377753036927974
"S_512_780",0.532571079346801
"S_651_780",0.824434896194381
"S_720_780",0.454826491886331
"S_556_780",0.374145215660048
"S_689_780",0.397278540531203
"S_580_780",0.122134603087761
"S_592_780",0.841207872538198
"S_701_780",0.482460195575802
"S_599_780",0.447369860036045
"S_686_780",0.0524618726273208
"S_521_780",0.536467078864637
"S_628_780",0.501180398902334
"S_694_783",0.308710259894738
"S_577_783",0.830615764968526
"S_511_783",0.9085521777062
"S_607_783",0.506339273188665
"S_570_783",0.23743362786098
"S_702_783",0.430317379271846
"S_636_783",0.82890482002936
"S_549_783",0.628170507254509
"S_640_783",0.547083381899215
"S_559_783",0.601131270404785
"S_765_783",0.461574183320323
"S_536_783",0.422820063781061
"S_698_783",0.464357190185
"S_538_783",0.0642004408311795
"S_658_783",0.460645844161927
"S_725_783",0.624442000817274
"S_722_783",0.511181563762355
"S_637_783",0.469036188167641
"S_509_783",0.0218387656297153
"S_667_783",0.287998276368904
"S_507_783",0.0685277544695862
"S_671_783",0.741223573425704
"S_521_783",0.558069537845787
"S_721_783",0.663929585090612
"S_670_783",0.722922308604105
"S_556_783",0.415404863515276
"S_569_783",0.384468063361422
"S_708_783",0.647953879075031
"S_562_783",0.814023700453883
"S_754_783",0.668526958653331
"S_580_783",0.229624541560745
"S_553_783",0.0819567244353678
"S_695_783",0.441091128766087
"S_780_783",0.638018348202829
"S_779_783",0.374206576393464
"S_737_783",0.44650341255812
"S_666_783",0.606461441689644
"S_612_783",0.520936630690077
"S_701_783",0.605294427168602
"S_689_783",0.352458062598771
"S_651_783",0.899698116973857
"S_599_783",0.485702513450032
"S_628_783",0.479720782149959
"S_592_783",0.900568279297536
"S_686_783",0.0611078139115622
"S_663_783",0.519422709866371
"S_731_783",0.539043045881266
"S_512_783",0.518103824103423
"S_629_783",0.613423385189889
"S_720_783",0.68034174729268
"S_577_786",0.55604460483546
"S_640_786",0.364759655383241
"S_607_786",0.408405440627898
"S_702_786",0.0526103146013844
"S_562_786",0.494437581093048
"S_559_786",0.470889697006838
"S_694_786",0.0955743644187775
"S_637_786",0.201056502280252
"S_783_786",0.347034933989092
"S_570_786",1e-05
"S_511_786",0.728728442032614
"S_725_786",0.383952963838939
"S_636_786",0.431127785828695
"S_708_786",0.463786851970569
"S_765_786",0.0971250074005691
"S_698_786",0.177389875920649
"S_536_786",0.287265167907921
"S_569_786",0.194278946528051
"S_667_786",0.072733173846335
"S_549_786",0.528137854673327
"S_670_786",0.506835936596769
"S_556_786",0.2095675108771
"S_553_786",0.0393455764743781
"S_722_786",0.375997386239918
"S_507_786",0.0504962258620199
"S_671_786",0.539497691624498
"S_612_786",0.196374913937917
"S_509_786",0.0145364884331714
"S_701_786",0.393883450017758
"S_689_786",0.189628829682036
"S_521_786",0.385416366792021
"S_695_786",0.0853048930179826
"S_731_786",0.275270802528369
"S_780_786",0.464816890398903
"S_512_786",0.246806706645999
"S_737_786",0.110660497622657
"S_779_786",0.169769475041615
"S_651_786",0.729305254982508
"S_580_786",0.0596285091626059
"S_538_786",0.0441438244223589
"S_721_786",0.501170774950428
"S_599_786",0.241999543852611
"S_754_786",0.445326180887491
"S_720_786",0.517575576797482
"S_666_786",0.37577390177461
"S_629_786",0.341397264729995
"S_628_786",0.352660140062092
"S_663_786",0.363215879207081
"S_658_786",0.0573299716535897
"S_592_786",0.730439056216859
"S_686_786",0.0334448286534632
"S_640_790",0.533307459711629
"S_702_790",0.2910482025357
"S_511_790",0.818004232662008
"S_783_790",0.402466133998709
"S_607_790",0.485502752075128
"S_698_790",0.405966393496677
"S_708_790",0.601561212455233
"S_559_790",0.490716531099348
"S_562_790",0.703002895685365
"S_667_790",0.302164356364104
"S_694_790",0.284769377312119
"S_577_790",0.67927261440806
"S_570_790",0.0904363580376114
"S_666_790",0.471131563034461
"S_636_790",0.783683893874096
"S_612_790",0.43803441970163
"S_786_790",0.613780283509828
"S_553_790",0.0752564666733038
"S_549_790",0.595658197193971
"S_765_790",0.361032466919052
"S_507_790",0.0543380213465499
"S_536_790",0.423463139478855
"S_509_790",0.0371567222871548
"S_701_790",0.494819794621558
"S_722_790",0.25066130374711
"S_780_790",0.494360276659195
"S_637_790",0.429018053706446
"S_569_790",0.410308440916773
"S_512_790",0.239962638470109
"S_651_790",0.870604269177637
"S_521_790",0.500753878507549
"S_731_790",0.515264481625306
"S_670_790",0.56971079901734
"S_538_790",0.0387785971302235
"S_556_790",0.472939488288372
"S_695_790",0.226058236695146
"S_663_790",0.492370597384386
"S_671_790",0.591253616719681
"S_725_790",0.502714980761138
"S_779_790",0.40675815188546
"S_721_790",0.47485865771809
"S_580_790",0.281248722255745
"S_754_790",0.586238745600659
"S_599_790",0.449939763622333
"S_686_790",0.0087000249375395
"S_592_790",0.80058692167026
"S_658_790",0.238115819581613
"S_628_790",0.501056515697281
"S_689_790",0.380499344471708
"S_629_790",0.3396695611467
"S_720_790",0.620148236811145
"S_737_790",0.430159945858709
"S_708_793",0.525432265862857
"S_559_793",0.509407685541877
"S_694_793",0.171204191404437
"S_570_793",0.301701223524571
"S_636_793",0.761899998963357
"S_553_793",0.0756047165635218
"S_562_793",0.79880610423528
"S_511_793",0.857077770259138
"S_509_793",0.0672054451775823
"S_612_793",0.603899676213859
"S_607_793",0.421375288465772
"S_695_793",0.400636562466839
"S_702_793",0.354079093458219
"S_670_793",0.806601501694898
"S_521_793",0.477441611087332
"S_666_793",0.475332770835731
"S_637_793",0.503404944708685
"S_577_793",0.836071378452184
"S_689_793",0.47442935675744
"S_783_793",0.498456161782032
"S_556_793",0.391742986705541
"S_698_793",0.451888190823927
"S_536_793",0.517637926022326
"S_786_793",0.773865960361408
"S_779_793",0.432933080712711
"S_725_793",0.490070186946014
"S_569_793",0.42906633677178
"S_701_793",0.486730472668279
"S_651_793",0.778426838693909
"S_667_793",0.283242030796517
"S_722_793",0.51182465074697
"S_538_793",0.141786931302111
"S_663_793",0.455045729579308
"S_658_793",0.390802875642033
"S_765_793",0.472056128733306
"S_549_793",0.61676175101074
"S_599_793",0.453857667281268
"S_671_793",0.646739017095697
"S_629_793",0.594507016039651
"S_731_793",0.432617225606464
"S_754_793",0.645407178165487
"S_780_793",0.594354731043138
"S_721_793",0.539432871549711
"S_720_793",0.567362042297032
"S_790_793",0.510391192063752
"S_686_793",0.0446607418449778
"S_640_793",0.454116295990777
"S_737_793",0.482191725807758
"S_628_793",0.531435453951052
"S_580_793",0.113732981011396
"S_507_793",0.0636064063029029
"S_512_793",0.460487387957231
"S_592_793",0.869983373528151
"S_667_802",0.467810166472456
"S_783_802",0.68309844686703
"S_708_802",0.828390990543598
"S_637_802",0.631800065186293
"S_786_802",0.868072480861553
"S_695_802",0.631309679705416
"S_779_802",0.560660538872671
"S_553_802",0.095407252979071
"S_599_802",0.658629276233563
"S_562_802",0.821281542840099
"S_722_802",0.795726303149102
"S_509_802",0.348641923172374
"S_521_802",0.759502976732155
"S_702_802",0.495653446412977
"S_721_802",0.828668999699478
"S_570_802",0.462692986680484
"S_559_802",0.792009167310368
"S_651_802",0.916778362863906
"S_731_802",0.758851780899278
"S_658_802",0.582374381948934
"S_511_802",0.901115167252185
"S_765_802",0.535712120187012
"S_636_802",0.844449148087593
"S_689_802",0.509027326080093
"S_640_802",0.802053933086441
"S_793_802",0.728536228675802
"S_663_802",0.733582704225638
"S_694_802",0.433275686005765
"S_580_802",0.399267740782692
"S_666_802",0.728299853269057
"S_607_802",0.783119172421061
"S_698_802",0.62065805087784
"S_671_802",0.833896019503777
"S_612_802",0.652755590253234
"S_549_802",0.83424272931135
"S_628_802",0.815143585358973
"S_569_802",0.548743485724153
"S_577_802",0.877481730643037
"S_629_802",0.862633336902631
"S_701_802",0.762646487330668
"S_754_802",0.825311323609487
"S_720_802",0.806847104060274
"S_538_802",0.0383979339788896
"S_507_802",0.0761376354031319
"S_670_802",0.793426419324689
"S_512_802",0.725802283204029
"S_556_802",0.632627340833904
"S_592_802",0.881698865897813
"S_725_802",0.777629257114975
"S_780_802",0.772762078569007
"S_686_802",0.059228214953633
"S_790_802",0.782550837291081
"S_536_802",0.672008019417535
"S_737_802",0.556553124129571
"S_553_804",0.626965110350038
"S_708_804",0.936116504746643
"S_521_804",0.884485123235707
"S_640_804",0.913112392526913
"S_779_804",0.865053355639887
"S_658_804",0.907015946166302
"S_666_804",0.909301172746205
"S_695_804",0.894698215129024
"S_651_804",0.983161384613641
"S_783_804",0.86465578961189
"S_637_804",0.879405204409551
"S_559_804",0.920394002096134
"S_570_804",0.91728515013857
"S_663_804",0.89205576236667
"S_580_804",0.796750731285492
"S_721_804",0.918626375526545
"S_793_804",0.897380550738006
"S_538_804",0.546684367635223
"S_731_804",0.932259371123787
"S_599_804",0.895171634408031
"S_722_804",0.954616594776745
"S_511_804",0.970722141516498
"S_636_804",0.895879696214606
"S_667_804",0.853959974843161
"S_701_804",0.909067830900756
"S_628_804",0.927447059443867
"S_629_804",0.978254864912076
"S_720_804",0.900393100171696
"S_507_804",0.532109046271171
"S_754_804",0.987742346677527
"S_670_804",0.90574587912323
"S_607_804",0.885845035406191
"S_562_804",0.932624404633225
"S_549_804",0.934750187241879
"S_698_804",0.853115695218637
"S_536_804",0.916442165804828
"S_702_804",0.868410798945606
"S_725_804",0.884179055879963
"S_509_804",0.72447976525357
"S_686_804",0.521420732334295
"S_694_804",0.866557153024466
"S_512_804",0.880038744439485
"S_737_804",0.873020648014148
"S_790_804",0.923508644793299
"S_592_804",0.946986558231352
"S_765_804",0.858897719367983
"S_689_804",0.887338287403729
"S_612_804",0.876597709901267
"S_577_804",0.972157514462831
"S_671_804",0.920257195549877
"S_802_804",0.911057670714486
"S_780_804",0.937398565135873
"S_569_804",0.874308478539246
"S_786_804",0.939839066463611
"S_556_804",0.870589046137048
"S_658_810",0.247588715585178
"S_783_810",0.407367097049896
"S_793_810",0.348159525999642
"S_663_810",0.396084842832858
"S_580_810",0.0640879603549678
"S_695_810",0.268353419588768
"S_651_810",0.776596052667956
"S_559_810",0.506227084191782
"S_553_810",0.0600351259006687
"S_637_810",0.417183695958245
"S_570_810",0.207041547098385
"S_640_810",0.501044723077928
"S_686_810",0.0396939063225375
"S_577_810",0.560194121955809
"S_754_810",0.580947945638782
"S_629_810",0.595781601677228
"S_592_810",0.843338647545766
"S_562_810",0.602871814590167
"S_666_810",0.427447972159678
"S_731_810",0.486380639428119
"S_599_810",0.362600335594741
"S_708_810",0.486808594235606
"S_667_810",0.150613265265579
"S_509_810",0.0152560266066993
"S_628_810",0.558112515440228
"S_721_810",0.576682820132843
"S_720_810",0.51633311033407
"S_779_810",0.289394196983014
"S_737_810",0.298957647530988
"S_790_810",0.578344008169834
"S_671_810",0.550465257890249
"S_538_810",0.0434149914234438
"S_689_810",0.24655987989368
"S_670_810",0.524276907044665
"S_607_810",0.473851182829205
"S_521_810",0.487208291363394
"S_765_810",0.254783173426673
"S_702_810",0.164913248470086
"S_804_810",0.0555796568041768
"S_722_810",0.533696803290277
"S_507_810",0.0558128933575433
"S_725_810",0.491630184182895
"S_569_810",0.266361380357446
"S_694_810",0.0858484653101688
"S_802_810",0.101683430789829
"S_549_810",0.583433722379463
"S_698_810",0.363441962872051
"S_556_810",0.355647863585124
"S_511_810",0.890333996456118
"S_612_810",0.457733756958828
"S_701_810",0.462959239967577
"S_536_810",0.398861858850614
"S_636_810",0.658804395736535
"S_780_810",0.443392278459297
"S_512_810",0.377320755715424
"S_786_810",0.638829364254536
"S_779_811",0.632205338900262
"S_658_811",0.566090888081512
"S_793_811",0.81641966889143
"S_592_811",0.876229687414388
"S_802_811",0.581415918951016
"S_754_811",0.926103593128549
"S_663_811",0.8163179629164
"S_783_811",0.822157155632782
"S_629_811",0.931920611815353
"S_671_811",0.892669030307161
"S_628_811",0.831427811267484
"S_810_811",0.923142392945751
"S_640_811",0.873546709458377
"S_570_811",0.656498616990938
"S_780_811",0.830440454535073
"S_695_811",0.64733712850345
"S_790_811",0.862458535034977
"S_577_811",0.876789263979736
"S_666_811",0.821920046563006
"S_720_811",0.899244536461681
"S_580_811",0.527569468634867
"S_637_811",0.75403829098838
"S_804_811",0.0522051696756737
"S_651_811",0.987019128304516
"S_686_811",0.159795641084306
"S_509_811",0.41692151006399
"S_694_811",0.588904489405826
"S_607_811",0.847810758108709
"S_553_811",0.257749892521725
"S_667_811",0.594571836111677
"S_538_811",0.127925509505499
"S_569_811",0.685625830880884
"S_702_811",0.564238598195531
"S_721_811",0.87335582817572
"S_521_811",0.788573948976084
"S_511_811",0.92410438947759
"S_698_811",0.741871093992885
"S_599_811",0.796666835361253
"S_737_811",0.696691258659522
"S_559_811",0.808301998209178
"S_701_811",0.888514618113067
"S_536_811",0.785061309019291
"S_708_811",0.864189100923887
"S_549_811",0.924651346801111
"S_562_811",0.861684958982022
"S_689_811",0.512469859009119
"S_507_811",0.203665039748414
"S_556_811",0.743573608673522
"S_722_811",0.907234009101913
"S_636_811",0.829220830733928
"S_731_811",0.85668493661633
"S_786_811",0.909173672049554
"S_512_811",0.792757263335978
"S_670_811",0.851452456324865
"S_765_811",0.612381522427748
"S_612_811",0.720377824578399
"S_725_811",0.785831124559299
"S_779_825",0.276583393591088
"S_629_825",0.496392083435156
"S_754_825",0.506950061644549
"S_793_825",0.422884629050128
"S_702_825",0.062556447585972
"S_780_825",0.432177480700291
"S_790_825",0.530104732017844
"S_663_825",0.36044768768286
"S_721_825",0.49335585109709
"S_580_825",0.0544869204663548
"S_658_825",0.143074613624048
"S_802_825",0.0726552922768121
"S_686_825",0.0262224844464433
"S_783_825",0.355623083658118
"S_694_825",0.0501171216672138
"S_810_825",0.445713659197221
"S_804_825",0.042420321515399
"S_509_825",0.0106299704403741
"S_521_825",0.440729947899228
"S_637_825",0.366821808384523
"S_577_825",0.617540561136604
"S_628_825",0.489317897979494
"S_737_825",0.335402366876406
"S_569_825",0.385451952753936
"S_640_825",0.394917549730393
"S_570_825",0.1714810876895
"S_507_825",0.0031877584165874
"S_559_825",0.435322807287551
"S_667_825",0.0481632275072444
"S_538_825",0.0744904512614065
"S_708_825",0.483639615343991
"S_811_825",0.0607532808403707
"S_725_825",0.412205010472083
"S_607_825",0.349718303065055
"S_720_825",0.482719796480051
"S_695_825",0.10636051290106
"S_671_825",0.513341338800014
"S_698_825",0.35353048298152
"S_592_825",0.746737009804801
"S_549_825",0.517697236379128
"S_599_825",0.349134047377845
"S_553_825",0.0537090695533105
"S_722_825",0.436698926814127
"S_651_825",0.760961371755597
"S_536_825",0.400220097752234
"S_512_825",0.400803640423329
"S_786_825",0.653747953310506
"S_562_825",0.645175127875257
"S_666_825",0.384003423755894
"S_701_825",0.344508360296977
"S_731_825",0.379114845077111
"S_670_825",0.579391920610351
"S_636_825",0.718596862702087
"S_612_825",0.308286564734008
"S_689_825",0.280644507431138
"S_556_825",0.389667721899136
"S_511_825",0.763027736721583
"S_765_825",0.121736193563426
"S_577_829",0.489855550827499
"S_779_829",0.0609613051063188
"S_658_829",0.0925247583253133
"S_509_829",0.0322398464622436
"S_628_829",0.202173034336062
"S_702_829",0.0616113915358899
"S_793_829",0.0797318595509614
"S_754_829",0.322516056140893
"S_721_829",0.269264350219074
"S_811_829",0.0931548562423354
"S_629_829",0.432216946681569
"S_694_829",0.0880141169205934
"S_663_829",0.217895529436806
"S_580_829",0.0990826550914762
"S_780_829",0.281196952353286
"S_810_829",0.149646953032132
"S_637_829",0.0961453642544558
"S_686_829",0.047858249847374
"S_569_829",0.0752428764367725
"S_640_829",0.22221202366268
"S_783_829",0.0761156210060356
"S_790_829",0.101741176991147
"S_570_829",0.0550579362954591
"S_725_829",0.0986410478736389
"S_671_829",0.376273884260842
"S_507_829",0.0321104743723812
"S_731_829",0.103398540256463
"S_607_829",0.118296715164934
"S_666_829",0.103878241297615
"S_804_829",0.0604200142477691
"S_667_829",0.0832029603420989
"S_553_829",0.0691985342392667
"S_536_829",0.0942149851996131
"S_708_829",0.209218167610643
"S_802_829",0.0992328011681119
"S_737_829",0.0723863803792414
"S_651_829",0.607231110486626
"S_559_829",0.114635418973894
"S_695_829",0.0816052355587585
"S_538_829",0.107052246551457
"S_562_829",0.455328634491429
"S_636_829",0.394491732925048
"S_599_829",0.0893231303816391
"S_720_829",0.358852838900152
"S_512_829",0.0815582040101495
"S_689_829",0.034951180435392
"S_701_829",0.193073014865807
"S_722_829",0.276845708727387
"S_521_829",0.0656263586810956
"S_549_829",0.325916276887982
"S_612_829",0.0675456259635947
"S_592_829",0.568314798177212
"S_765_829",0.0813472447655754
"S_511_829",0.445496554428231
"S_670_829",0.50445215541821
"S_786_829",0.501481766948788
"S_825_829",0.325506918907158
"S_698_829",0.0679174874168879
"S_556_829",0.0638891655353146
"S_793_830",0.249753706062394
"S_509_830",0.0235000952933973
"S_658_830",1e-05
"S_779_830",0.203174387740802
"S_580_830",0.104661754097446
"S_629_830",0.260054816192848
"S_663_830",0.21489612355777
"S_702_830",0.0717765310753527
"S_737_830",0.10304658983539
"S_640_830",0.439232420312216
"S_829_830",0.629151574360732
"S_721_830",0.284671213164758
"S_790_830",0.389697178927511
"S_811_830",0.0422671607625224
"S_804_830",0.0546896500957002
"S_686_830",1e-05
"S_667_830",0.0941073201720224
"S_780_830",0.301428965903427
"S_577_830",0.505287603997709
"S_628_830",0.388544814582925
"S_810_830",0.521378055037154
"S_569_830",0.23692685564835
"S_562_830",0.494577504461889
"S_694_830",0.120733951023896
"S_802_830",0.0402734226057884
"S_607_830",0.471913730041052
"S_549_830",0.408560999202345
"S_725_830",0.4083574055087
"S_637_830",0.178203184261584
"S_720_830",0.396704688069458
"S_521_830",0.39230961503347
"S_511_830",0.752296741420126
"S_536_830",0.114009441127523
"S_570_830",1e-05
"S_507_830",0.0677543470294083
"S_538_830",0.0554766534793903
"S_731_830",0.420987477030967
"S_708_830",0.417102619583239
"S_553_830",0.0208589046705145
"S_559_830",0.370671310443754
"S_701_830",0.307558300027806
"S_695_830",0.0462748261726969
"S_689_830",0.199207618672729
"S_783_830",0.239256540422375
"S_671_830",0.452977895700141
"S_698_830",0.199985872538808
"S_670_830",0.532189518721422
"S_651_830",0.603418557296117
"S_636_830",0.549340141897579
"S_512_830",0.103178479865366
"S_556_830",0.254997284126844
"S_825_830",0.320336097692229
"S_666_830",0.275611680088211
"S_765_830",0.157077883013333
"S_754_830",0.533706614779451
"S_722_830",0.218589805831262
"S_599_830",0.296293959918245
"S_612_830",0.226684425703785
"S_786_830",0.578581085093667
"S_592_830",0.724492174698384
"S_793_836",0.783207081767715
"S_779_836",0.720070212310316
"S_658_836",0.516247167511764
"S_810_836",0.913832074918352
"S_663_836",0.835203634717613
"S_569_836",0.732570916399167
"S_686_836",0.126383619435357
"S_702_836",0.441447428156318
"S_829_836",0.946038502437648
"S_628_836",0.903378947189128
"S_765_836",0.637576856284157
"S_640_836",0.849661767616854
"S_509_836",0.4695425536129
"S_607_836",0.885985095732445
"S_562_836",0.906486398521115
"S_737_836",0.78130498132861
"S_580_836",0.560545165911045
"S_804_836",0.083684755554672
"S_507_836",0.176595941494426
"S_802_836",0.580172804333726
"S_780_836",0.878696810069528
"S_721_836",0.937052443143445
"S_570_836",0.509175345941852
"S_722_836",0.891697512028494
"S_694_836",0.624102201216433
"S_559_836",0.891019006546022
"S_811_836",0.581981150918064
"S_667_836",0.494761714119938
"S_701_836",0.873507975873683
"S_577_836",0.948982187927549
"S_637_836",0.79759159812957
"S_783_836",0.861208901655285
"S_720_836",0.961652676385039
"S_521_836",0.827782515465845
"S_725_836",0.919088020030934
"S_708_836",0.879930518586157
"S_790_836",0.871914163302367
"S_666_836",0.825630079295099
"S_549_836",0.98105264441057
"S_698_836",0.847542682830393
"S_731_836",0.864094435868365
"S_651_836",0.936459495905955
"S_553_836",0.118043255395453
"S_636_836",0.888924108101761
"S_599_836",0.797101219202759
"S_754_836",0.953584647056694
"S_695_836",0.67863718833663
"S_511_836",0.966229320544675
"S_830_836",0.923433999546129
"S_538_836",0.24525566966049
"S_671_836",0.93759134509104
"S_689_836",0.659947873611641
"S_536_836",0.827179840595025
"S_592_836",0.980099852438299
"S_629_836",0.919938299332211
"S_512_836",0.795391952591036
"S_670_836",0.899710435189543
"S_556_836",0.784939757900816
"S_825_836",0.927902033872775
"S_786_836",0.947888333339561
"S_612_836",0.882605840112825
"S_793_842",0.860841456239485
"S_663_842",0.905883329795998
"S_569_842",0.902835122797886
"S_765_842",0.815875930690461
"S_829_842",0.955512480624574
"S_804_842",0.356376277988696
"S_628_842",0.904464393423597
"S_640_842",0.881274650223547
"S_720_842",0.927171793444398
"S_810_842",0.938610889538773
"S_779_842",0.857050793406984
"S_686_842",0.523064049609377
"S_658_842",0.853437084000227
"S_580_842",0.593770768047311
"S_701_842",0.921342893662433
"S_667_842",0.7867289764041
"S_553_842",0.448164024496734
"S_521_842",0.900398803899703
"S_737_842",0.880052291201183
"S_694_842",0.706546908800456
"S_721_842",0.943023116087114
"S_577_842",0.99509252734155
"S_780_842",0.944840983040665
"S_559_842",0.921973116943948
"S_836_842",0.588850183852145
"S_536_842",0.879199696662355
"S_702_842",0.800350291667747
"S_722_842",0.829272884761342
"S_830_842",0.940283813758471
"S_549_842",0.942809673115728
"S_695_842",0.853762908614292
"S_607_842",0.926216991468896
"S_698_842",0.90091615954835
"S_507_842",0.535343581199223
"S_783_842",0.898112108926773
"S_511_842",0.956122375335623
"S_708_842",0.937507741717699
"S_637_842",0.898231906230031
"S_562_842",0.945418264418232
"S_509_842",0.433193194658188
"S_636_842",0.91393840265044
"S_592_842",0.951754511578922
"S_570_842",0.610158706617182
"S_725_842",0.931570005034206
"S_811_842",0.680379001519832
"S_790_842",0.924039903291374
"S_651_842",0.962201380071187
"S_538_842",0.540137432558432
"S_599_842",0.927558644846792
"S_825_842",0.844959090560855
"S_670_842",0.979573626559349
"S_666_842",0.934121793045974
"S_731_842",0.918089915283195
"S_556_842",0.866156352911448
"S_512_842",0.707069437257475
"S_671_842",0.963155664844689
"S_629_842",0.755222029787482
"S_754_842",0.965253365979595
"S_689_842",0.922328691118645
"S_612_842",0.921184102738162
"S_802_842",0.782622935294104
"S_786_842",0.979923567127422
"S_507_845",0.469814838898002
"S_810_845",0.985495754803763
"S_640_845",0.875519765190344
"S_829_845",0.925958858648597
"S_637_845",0.861888341430871
"S_836_845",0.604123207819693
"S_663_845",0.88702336574542
"S_569_845",0.84566713890264
"S_783_845",0.856712337689566
"S_720_845",0.923299131286398
"S_694_845",0.527690055264038
"S_686_845",0.431373997323255
"S_607_845",0.885827171039798
"S_577_845",0.958003200143532
"S_570_845",0.723079789594583
"S_628_845",0.875251148750058
"S_708_845",0.897790381884623
"S_765_845",0.785745956038265
"S_667_845",0.705035432836363
"S_811_845",0.473788030589255
"S_536_845",0.860007140714372
"S_721_845",0.911922729913573
"S_702_845",0.794711047982194
"S_737_845",0.832720253361835
"S_779_845",0.842015586443943
"S_553_845",0.465847126920946
"S_666_845",0.889701781144812
"S_580_845",0.609552528477534
"S_701_845",0.964094456799574
"S_670_845",0.899106759577033
"S_549_845",0.941478569583772
"S_521_845",0.905877239447311
"S_509_845",0.41564422378966
"S_562_845",0.952549875123617
"S_599_845",0.881832898572281
"S_780_845",0.910398336151148
"S_722_845",0.970151342158367
"S_559_845",0.892489099847144
"S_830_845",0.962609873428945
"S_793_845",0.875710613721348
"S_695_845",0.834748989395357
"S_636_845",0.918226990611683
"S_511_845",0.978810101474005
"S_538_845",0.369748593383635
"S_825_845",0.957694763171468
"S_629_845",0.955718125522673
"S_842_845",0.486668133353728
"S_731_845",0.936660817066645
"S_651_845",0.99999
"S_725_845",0.894781680916156
"S_612_845",0.864179087706634
"S_698_845",0.852491899294012
"S_658_845",0.785438708651095
"S_556_845",0.878356753959793
"S_689_845",0.864034346702968
"S_754_845",0.99999
"S_802_845",0.707535841171862
"S_790_845",0.915722617706236
"S_512_845",0.877385365381454
"S_592_845",0.940727780640742
"S_804_845",0.147064469107289
"S_786_845",0.951591757039415
"S_671_845",0.92171175074774
"S_810_846",0.375388514418798
"S_640_846",0.421948623528687
"S_783_846",0.144918638817957
"S_836_846",0.0252883229962857
"S_842_846",0.0299577592968225
"S_562_846",0.451094177457562
"S_663_846",0.251622627866133
"S_765_846",0.0957058820805971
"S_577_846",0.453443938176473
"S_553_846",0.0588782260210092
"S_829_846",0.478286251872816
"S_708_846",0.467290691957566
"S_569_846",0.107071273504952
"S_721_846",0.395857640547509
"S_599_846",0.136069675470394
"S_811_846",0.089855010846961
"S_731_846",0.284414277071935
"S_507_846",0.0370633981072054
"S_702_846",0.0763739020514205
"S_666_846",0.228209340963484
"S_694_846",0.105361470811817
"S_637_846",0.124317659172197
"S_628_846",0.359937042412919
"S_580_846",0.112652342932322
"S_509_846",0.0295023668161565
"S_754_846",0.495707450088624
"S_780_846",0.360351253602736
"S_695_846",0.0544204704385519
"S_701_846",0.411648596780348
"S_667_846",0.0981593506364157
"S_651_846",0.580626222455982
"S_658_846",0.066613091071043
"S_737_846",0.106874231607519
"S_521_846",0.280699462412353
"S_607_846",0.360890871798393
"S_720_846",0.410372006704988
"S_793_846",0.126116772394227
"S_779_846",0.0695766812721562
"S_825_846",0.372788466870557
"S_570_846",0.0025
"S_722_846",0.18785747377155
"S_538_846",0.0462948317507749
"S_686_846",0.0200497759091258
"S_845_846",0.0206582447951881
"S_549_846",0.469032499491335
"S_612_846",0.147897890923451
"S_670_846",0.507365504264334
"S_556_846",0.100779110235962
"S_671_846",0.477705566833523
"S_536_846",0.147634889610477
"S_804_846",0.0565319545647927
"S_636_846",0.427105916383039
"S_830_846",0.515180661528849
"S_689_846",0.0853360669612524
"S_559_846",0.304405861863058
"S_511_846",0.649512173273578
"S_592_846",0.645082613095818
"S_802_846",0.0847582484691499
"S_725_846",0.347281438631381
"S_512_846",0.112971245386989
"S_698_846",0.092031033347501
"S_790_846",0.316761316385942
"S_629_846",0.275006883217785
"S_786_846",0.492531657102672
"S_538_849",0.0854552930513118
"S_521_849",0.156074831984542
"S_651_849",0.63305995419929
"S_666_849",0.219680385026961
"S_507_849",0.0334057871744118
"S_810_849",0.47923217687964
"S_783_849",0.125243841123091
"S_731_849",0.325763098499375
"S_640_849",0.372346669896546
"S_829_849",0.678391646249839
"S_702_849",0.0462236949805528
"S_765_849",0.140150159345564
"S_708_849",0.420149055689371
"S_553_849",0.0044522374029257
"S_694_849",0.118723792485241
"S_637_849",0.10074624629336
"S_658_849",0.076084828317932
"S_570_849",1e-05
"S_569_849",0.0798434845310976
"S_842_849",0.0272657751422706
"S_607_849",0.459480037654212
"S_793_849",0.148281652242116
"S_562_849",0.567536366948307
"S_628_849",0.298729560978907
"S_836_849",0.0492729433125736
"S_720_849",0.511298117351821
"S_686_849",0.0591940684562991
"S_846_849",0.617462568427437
"S_556_849",0.109192156993813
"S_549_849",0.470234401739343
"S_577_849",0.569056970628111
"S_695_849",0.0981879575336742
"S_599_849",0.183770002144664
"S_845_849",0.0400719948151679
"S_754_849",0.489467967929219
"S_721_849",0.476090926577601
"S_811_849",0.059970482256555
"S_790_849",0.376234573339102
"S_667_849",0.0647448384351805
"S_559_849",0.356787201373697
"S_737_849",0.0927263167363895
"S_536_849",0.0870804630229571
"S_689_849",0.0805789433029015
"S_580_849",0.131129461698741
"S_663_849",0.220289762536913
"S_509_849",0.0051011868681502
"S_722_849",0.307736634681062
"S_825_849",0.489470380718306
"S_612_849",0.131623546883411
"S_779_849",0.0613584944871492
"S_670_849",0.559134721258514
"S_780_849",0.335379267702286
"S_830_849",0.638932186290473
"S_701_849",0.317000137188793
"S_804_849",0.0432684438440918
"S_629_849",0.378197724785928
"S_802_849",0.106219111883716
"S_671_849",0.563449343851966
"S_636_849",0.527797960374265
"S_698_849",0.112002278746906
"S_512_849",0.114022953681169
"S_786_849",0.595008863626239
"S_592_849",0.68788665903696
"S_725_849",0.428098720283219
"S_511_849",0.760794137456547
"S_553_850",0.337848935224865
"S_651_850",0.960602509107276
"S_507_850",0.465568716394615
"S_708_850",0.864638862103363
"S_720_850",0.884597200256925
"S_538_850",0.451845309670208
"S_628_850",0.859149961232017
"S_521_850",0.858480023173217
"S_695_850",0.803233218500375
"S_607_850",0.885130357269196
"S_810_850",0.91280362391013
"S_599_850",0.889296038370392
"S_842_850",0.469328171090362
"S_640_850",0.854680177671962
"S_825_850",0.908405510981434
"S_694_850",0.700028940817259
"S_721_850",0.909178170942382
"S_689_850",0.834260320702903
"S_549_850",0.910826883051167
"S_637_850",0.873763547800634
"S_702_850",0.731125410403708
"S_686_850",0.414817011920232
"S_765_850",0.788356348937879
"S_569_850",0.859429412420618
"S_570_850",0.517574196019719
"S_829_850",0.930903947299301
"S_663_850",0.853188290655912
"S_671_850",0.925488845535683
"S_731_850",0.882701603455712
"S_737_850",0.836097130651505
"S_701_850",0.860793527896893
"S_667_850",0.742976051742736
"S_577_850",0.913175848025253
"S_562_850",0.894531719887558
"S_722_850",0.866716835221014
"S_666_850",0.893987145992769
"S_783_850",0.872157793614878
"S_793_850",0.819975611920546
"S_658_850",0.801412414193143
"S_512_850",0.723001885670497
"S_556_850",0.832026217107259
"S_779_850",0.829404793318063
"S_636_850",0.875737786963837
"S_559_850",0.889173808198738
"S_536_850",0.836581961530562
"S_780_850",0.910927551743553
"S_509_850",0.464723901500033
"S_811_850",0.700454160087242
"S_846_850",0.927441787129113
"S_790_850",0.885735067921826
"S_836_850",0.585722538008867
"S_629_850",0.815559181346918
"S_804_850",0.409248194392009
"S_670_850",0.896004964538352
"S_612_850",0.866363470892647
"S_754_850",0.916717871073541
"S_698_850",0.870546010302617
"S_786_850",0.911715761029319
"S_511_850",0.932495075129268
"S_802_850",0.788080535530607
"S_845_850",0.608166672471192
"S_725_850",0.888287903975783
"S_580_850",0.615093987471476
"S_849_850",0.911035021063237
"S_830_850",0.913311829594235
"S_592_850",0.924824765174285
"S_599_853",0.532825564550062
"S_628_853",0.520410951023378
"S_720_853",0.734016554106027
"S_689_853",0.443012146233985
"S_658_853",0.47628627223957
"S_667_853",0.34064932511161
"S_556_853",0.439727154816267
"S_570_853",0.250505691084808
"S_722_853",0.534946524655706
"S_521_853",0.593329054272373
"S_686_853",0.0473748714981023
"S_553_853",0.0895979043826417
"S_731_853",0.562793026629927
"S_721_853",0.666419317478254
"S_765_853",0.478355535606862
"S_793_853",0.549579093770375
"S_779_853",0.404254402070027
"S_538_853",0.16346083693886
"S_790_853",0.477182392375504
"S_536_853",0.478286546827657
"S_509_853",0.0800698183652636
"S_562_853",0.840064600745273
"S_698_853",0.501530620607933
"S_694_853",0.360687023095779
"S_810_853",0.689841112015849
"S_640_853",0.592132789841783
"S_607_853",0.53765409465851
"S_663_853",0.527262668795026
"S_802_853",0.361474501457395
"S_612_853",0.585869647551122
"S_786_853",0.787118089452932
"S_512_853",0.369347821263287
"S_670_853",0.812809296346995
"S_549_853",0.653690412492111
"S_780_853",0.648941558783077
"S_701_853",0.613031423803131
"S_737_853",0.45008882453375
"S_569_853",0.395192243822365
"S_829_853",0.883035210896705
"S_507_853",0.0727654564596222
"S_804_853",0.0720929122403421
"S_629_853",0.576571201022538
"S_671_853",0.763522682100395
"S_825_853",0.565305654499302
"S_592_853",0.927650027807732
"S_725_853",0.66374780745223
"S_580_853",0.236120528520843
"S_559_853",0.649101925800532
"S_511_853",0.924265418209705
"S_637_853",0.502228702526302
"S_783_853",0.508291539041757
"S_836_853",0.254818268515134
"S_708_853",0.652621528210537
"S_666_853",0.618762828735251
"S_651_853",0.890172680727749
"S_695_853",0.454030842879406
"S_842_853",0.0657788800233538
"S_754_853",0.685459718003899
"S_830_853",0.854265058270432
"S_636_853",0.850426092210546
"S_845_853",0.0722405284730333
"S_811_853",0.230830298359539
"S_577_853",0.913154788924869
"S_846_853",0.840248674831131
"S_702_853",0.453858727629119
"S_849_853",0.848077437839246
"S_850_853",0.097629619536379
